,,,,,,,,,,,,,,,,,,,,,,,,,
,KODE AKUN,,PROGRAM/KEG/KOUTPUT/SUBOUTPUT/KOMPONEN/SUBKOMP/DETIL,,,VOL,SAT,H SATUAN,PAGU,REALISASI,,,,SALDO,,,,,,,,,,,
,,,,,,,,,,SP2D,%,AKRURAL,%,SP2D,AKRURAL,,,,,,,,,,
,027.01.DQ,,Program Perlindungan Sosial,,,,,,2097544232000,,,,,,,,,,,,,,,,
,7936,,Penyelenggaraan Program Sekolah Rakyat,,,,,,2088632535000,,,,,,,,,,,,,,,,
,7936.SBC,,Pendidikan Dasar[Penambahan alokasi dari SABA 999.08 ke 9A],,,,,,21502843000,702852000,_(* 3.27_),1354727491,_(* 6.30_),20799991000,20148115509,,,,,,,,,,
,,,Lokasi : KOTA JAKARTA PUSAT,,,,,,,,,,,,,,,,,,,,,,
,302,,Sekolah Rakyat Terintegrasi 2 Banyuwangi ,,,,,,2060121000,44809500,,172139900,,_(* 2015311500_),_(* 1887981100_),,,,,,,,,,
,A,,Kegiatan Belajar Mengajar,,,,,,90140000,0,,10371000,,_(* 90140000_),_(* 79769000_),,,,,,,,,,
,521211,,Belanja Bahan,,,,,,82140000,0,,6871000,,_(* 82140000_),_(* 75269000_),,,,,,,,,,
,,,(KPPN.182-Jakarta VII ),,,,,,,,,,,_(* 0_),_(* 0_),,,,,,,,,,
,,,  - ,ATK Kelas [1 PKT x 12 BLN x 1 ROM],,12,OK,500000,6000000,,,,,_(* 6000000_),_(* 6000000_),,,,,,,,,,
,,,  - ,Buku Pegangan Guru [1 PKT x 2 SMT x 1 LOK],,2,OK,2000000,4000000,,,,,_(* 4000000_),_(* 4000000_),,,,,,,,,,
,,,  - ,Buku Penunjang Kegiatan Belajar Mengajar [5 PKT x 2 SMT x 1 LOK],,10,OK,500000,5000000,,,,,_(* 5000000_),_(* 5000000_),,,,,,,,,,
,,,  - ,Penggandaan Soal [25 ORG x 4 KEG x 1 ROM],,100,OK,25000,2500000,,,725000,,_(* 2500000_),_(* 1775000_),,,,,,,,,,
,,,  - ,Konsumsi Rapat Eksternal [40 ORG x 4 KEG x 2 HR x 1 LOK,,320,OK,53000,16960000,,,3920000,,_(* 16960000_),_(* 13040000_),,,,,,,,,,
,,,  - ,Snack Rapat Eksternal [40 ORG x 4 KEG x 2 HR x 1 LOK,,320,OK,24000,7680000,,,1600000,,_(* 7680000_),_(* 6080000_),,,,,,,,,,
,,,  - ,Media Pembelajaran dan laporan perekembangan siswa [25 ORG x 2 PKT x 1 ROM],,50,OK,800000,40000000,,,626000,,_(* 40000000_),_(* 39374000_),,,,,,,,,,
,522151,,Belanja Jasa Profesi,,,,,,8000000,0,,3500000,,_(* 8000000_),_(* 4500000_),,,,,,,,,,
,,,(KPPN.182-Jakarta VII ),,,,,,,,,,,_(* 0_),_(* 0_),,,,,,,,,,
,,,  - ,Honor Instruktur [4 ORG x 2 Jam x 1 ROM],,8,OK,500000,4000000,,,3500000,,_(* 4000000_),_(* 500000_),,,,,,,,,,
,,,  - ,Honor Narasumber [4 ORG x 2 Jam],,8,OK,500000,4000000,,,,,_(* 4000000_),_(* 4000000_),,,,,,,,,,
,B,,Praktikum Komunitas,,,,,,13750000,0,,0,,_(* 13750000_),_(* 13750000_),isi yang bener,,,,,,,,,
,521211,,Belanja Bahan,,,,,,3750000,0,,0,,_(* 3750000_),_(* 3750000_),,,,,,,,,,
,,,(KPPN.182-Jakarta VII ),,,,,,,,,,,_(* 0_),_(* 0_),,,,,,,,,,
,,,  - ,Snack dan Konsumsi Peserta [25 ORG x 2 keg x 1 Rom],,50,OK,53000,2650000,,,,,_(* 2650000_),_(* 2650000_),,,,,,,,,,
,,,  - ,Dokumentasi Pelaporan [1 KEG x 2 LOK],,2,OK,250000,500000,,,,,_(* 500000_),_(* 500000_),,,,,,,,,,
,,,  - ,Spanduk [1 KEG x 2 LOK],,2,OK,300000,600000,,,,,_(* 600000_),_(* 600000_),,,,,,,,,,
,521213,,Belanja Honor Output Kegiatan,,,,,,2000000,,,,,_(* 2000000_),_(* 2000000_),,,,,,,,,,
,,,(KPPN.182-Jakarta VII ),,,,,,,,,,,_(* 0_),_(* 0_),,,,,,,,,,
,,,  - ,Honor Pemandu Praktikum [2 ORG x 2 KEG x 1 ROM],,4,OK,500000,2000000,,,,,_(* 2000000_),_(* 2000000_),,,,,,,,,,
,522141,,Belanja Sewa,,,,,,8000000,0,,0,,_(* 8000000_),_(* 8000000_),,,,,,,,,,
,,,(KPPN.182-Jakarta VII ),,,,,,,,,,,_(* 0_),_(* 0_),,,,,,,,,,
,,,  - ,Sewa Bus [1 UNIT x 2 keg x 1 ROm],,2,OK,4000000,8000000,,,,,_(* 8000000_),_(* 8000000_),,,,,,,,,,
,C,,Kegiatan Krida,,,,,,30400000,0,,0,,_(* 30400000_),_(* 30400000_),,,,,,,,,,
,521211,,Belanja Bahan,,,,,,20400000,0,,0,,_(* 20400000_),_(* 20400000_),,,,,,,,,,
,,,(KPPN.182-Jakarta VII ),,,,,,,,,,,_(* 0_),_(* 0_),,,,,,,,,,
,,,  - ,Konsumsi dan Snack Siswa [25 Org x 2 keg x 1 Rom],,50,OK,53000,2650000,,,,,_(* 2650000_),_(* 2650000_),,,,,,,,,,
,,,  - ,Sarana Pendukung Keagamaan [5 keg x 1 lo],,5,OK,500000,2500000,,,,,_(* 2500000_),_(* 2500000_),,,,,,,,,,
,,,  - ,Dokumentasi dan Pelaporan [1 KEG x 1 LOK],,1,KEG,250000,250000,,,,,_(* 250000_),_(* 250000_),,,,,,,,,,
,,,  - ,Media Pembelajaran [25 ORG x 2 KEG x 1 ROM],,50,OK,300000,15000000,,,,,_(* 15000000_),_(* 15000000_),,,,,,,,,,
,522141,,Belanja Sewa,,,,,,8000000,0,,0,,_(* 8000000_),_(* 8000000_),,,,,,,,,,
,,,(KPPN.182-Jakarta VII ),,,,,,,,,,,_(* 0_),_(* 0_),,,,,,,,,,
,,,  - ,Sewa Bus [1 unt x 2 keg x 1 Rom],,2,OK,4000000,8000000,,,,,_(* 8000000_),_(* 8000000_),,,,,,,,,,
,522151,,Belanja Jasa Profesi,,,,,,2000000,,,,,_(* 2000000_),_(* 2000000_),,,,,,,,,,
,,,(KPPN.182-Jakarta VII ),,,,,,,,,,,_(* 0_),_(* 0_),,,,,,,,,,
,,,  - ,Honor Instruktur [2 ORG x 2 keg x 1 LOK],,4,OK,500000,2000000,,,,,_(* 2000000_),_(* 2000000_),,,,,,,,,,
,D,,Karya Ilmiah dan Latihan Olah Bakat dan Minat,,,,,,186900000,0,,0,,_(* 186900000_),_(* 186900000_),,,,,,,,,,
,521211,,Belanja Bahan,,,,,,15900000,0,,0,,_(* 15900000_),_(* 15900000_),,,,,,,,,,
,,,(KPPN.182-Jakarta VII ),,,,,,,,,,,_(* 0_),_(* 0_),,,,,,,,,,
,,,  - ,Snack dan Konsumsi Siswa [25 ORG x 4 KL x 3 hr x 1 Rom,,300,OK,53000,15900000,,,,,_(* 15900000_),_(* 15900000_),,,,,,,,,,
,521219,,Belanja Barang Non Operasional Lainnya,,,,,,105000000,0,,0,,_(* 105000000_),_(* 105000000_),,,,,,,,,,
,,,(KPPN.182-Jakarta VII ),,,,,,,,,,,_(* 0_),_(* 0_),,,,,,,,,,
,,,  - ,Pengembangan Kompetensi Siswa dan Kegiatan Sekolah,,1,PAKET,95000000,95000000,,,,,_(* 95000000_),_(* 95000000_),,,,,,,,,,
,,,  - ,Biaya Masuk Lokasi Study [25 Org x 2 Bln x 1 Rom],,50,OK,200000,10000000,,,,,_(* 10000000_),_(* 10000000_),,,,,,,,,,
,521811,,Belanja Barang Persediaan Barang Konsumsi,,,,,,10000000,0,,0,,_(* 10000000_),_(* 10000000_),,,,,,,,,,
,,,(KPPN.182-Jakarta VII ),,,,,,,,,,,_(* 0_),_(* 0_),,,,,,,,,,
,,,  - ,Media Ekstrakulikuler Lainnya [20 Pcs x 1 Pkt x 1 Lok],,20,OK,500000,10000000,,,,,_(* 10000000_),_(* 10000000_),,,,,,,,,,
,522141,,Belanja Sewa,,,,,,8000000,0,,0,,_(* 8000000_),_(* 8000000_),,,,,,,,,,
,,,(KPPN.182-Jakarta VII ),,,,,,,,,,,_(* 0_),_(* 0_),,,,,,,,,,
,,,  - ,Sewa Bus [1 unt x 2 keg x 1 Rom],,2,OK,4000000,8000000,,,,,_(* 8000000_),_(* 8000000_),,,,,,,,,,
,522151,,Belanja Jasa Profesi,,,,,,48000000,0,,0,,_(* 48000000_),_(* 48000000_),,,,,,,,,,
,,,(KPPN.182-Jakarta VII ),,,,,,,,,,,_(* 0_),_(* 0_),,,,,,,,,,
,,,  - ,Honor Pembimbing Olahraga/Olah Minat [4 ORG x 2 KL x 12 BLN x 1 LOK,,96,OK,500000,48000000,,,,,_(* 48000000_),_(* 48000000_),,,,,,,,,,
,E,,Koordinasi dan Konsultasi Sekolah Rakyat,,,,,,151200000,0,,0,,_(* 151200000_),_(* 151200000_),,,,,,,,,,
,524111,,Belanja Perjalanan Dinas Biasa,,,,,,142700000,0,,0,,_(* 142700000_),_(* 142700000_),,,,,,,,,,
,,,(KPPN.182-Jakarta VII ),,,,,,,,,,,_(* 0_),_(* 0_),,,,,,,,,,
,,,  - ,transport petugas [5 Org x 2 KEG x 2 KL x 1 Lok,,20,OK,5000000,100000000,,,,,_(* 100000000_),_(* 100000000_),,,,,,,,,,
,,,  - ,uang penginapan petugas [5 Org x 2 KEG x 3 HR x 1 Lok,,30,OK,850000,25500000,,,,,_(* 25500000_),_(* 25500000_),,,,,,,,,,
,,,  - ,Uang Harian Petugas [5 Org x 2 KEG x 4 HR x 1 Lok,,40,OK,430000,17200000,,,,,_(* 17200000_),_(* 17200000_),,,,,,,,,,
,524113,,Belanja Perjalanan Dinas Dalam Kota,,,,,,8500000,0,,0,,_(* 8500000_),_(* 8500000_),,,,,,,,,,
,,,(KPPN.182-Jakarta VII ),,,,,,,,,,,_(* 0_),_(* 0_),,,,,,,,,,
,,,  - ,transport petugas [10 Org x 1 KEG x 5 KL x 1 Lok,,50,OK,170000,8500000,,,,,_(* 8500000_),_(* 8500000_),,,,,,,,,,
,F,,Permakanan dan Perawatan Siswa,,,,,,874500000,41749500,,75499500,,_(* 832750500_),_(* 799000500_),,,,,,,,,,
,521112,,Belanja Pengadaan Bahan Makanan,,,,,,772500000,41625000,,75375000,,_(* 730875000_),_(* 697125000_),,,,,,,,,,
,,,(KPPN.182-Jakarta VII ),,,,,,,,,,,_(* 0_),_(* 0_),,,,,,,,,,
,,,  - ,Makan Siswa [25 Org x 3 KL x 365 HR x 1 ROM,,27375,OH,15000,410625000,31125000,,54375000,,_(* 379500000_),_(* 356250000_),,,,,,,,,,
,,,  - ,Air Minum [25 BH x 12 BLN x 30 HR x 1 LOK,,9000,OH,25000,225000000,,,,,_(* 225000000_),_(* 225000000_),,,,,,,,,,
,,,  - ,Snack Siswa [25 Org x 2 KL x 365 HR x 1 ROM,,18250,OH,7500,136875000,10500000,,21000000,,_(* 126375000_),_(* 115875000_),,,,,,,,,,
,521219,,Belanja Barang Non Operasional Lainnya,,,,,,102000000,124500,,124500,,_(* 101875500_),_(* 101875500_),,,,,,,,,,
,,,(KPPN.182-Jakarta VII ),,,,,,,,,,,_(* 0_),_(* 0_),,,,,,,,,,
,,,  - ,Kesehatan Siswa [15 Org x 12 Bln x 1 LOK],,180,OH,500000,90000000,124500,,124500,,_(* 89875500_),_(* 89875500_),,,,,,,,,,
,,,  - ,Perawatan Diri [25 Org x 12 Bln x 1 Rom],,300,OH,40000,12000000,,,,,_(* 12000000_),_(* 12000000_),,,,,,,,,,
,G,,Perlengkapan Operasional Sekolah,,,,,,40936000,0,,4609000,,_(* 40936000_),_(* 36327000_),,,,,,,,,,
,521811,,Belanja Barang Persediaan Barang Konsumsi,,,,,,40936000,0,,4609000,,_(* 40936000_),_(* 36327000_),,,,,,,,,,
,,,(KPPN.182-Jakarta VII ),,,,,,,,,,,_(* 0_),_(* 0_),,,,,,,,,,
,,,  - ,Obat obatan ringan [1 ls x 12 Bln x 1 lok],,12,SET,2500000,30000000,,,1998000,,_(* 30000000_),_(* 28002000_),,,,,,,,,,
,,,  - ,Alat Kebersihan ASrama,,1,PKT,10936000,10936000,,,2611000,,_(* 10936000_),_(* 8325000_),,,,,,,,,,
,H,,Kebutuhan Asrama,,,,,,6760000,0,,0,,_(* 6760000_),_(* 6760000_),,,,,,,,,,
,521252,,Belanja Peralatan dan Mesin - Ekstrakomptabel,,,,,,5600000,0,,0,,_(* 5600000_),_(* 5600000_),,,,,,,,,,
,,,(KPPN.182-Jakarta VII ),,,,,,,,,,,_(* 0_),_(* 0_),,,,,,,,,,
,,,  - ,Rak Sepatu [2 Set x 1 Smt x 1 Lok],,2,SET,350000,700000,,,,,_(* 700000_),_(* 700000_),,,,,,,,,,
,,,  - ,Setrika [2 Set x 1 Smt x 1 Lok],,2,SET,225000,450000,,,,,_(* 450000_),_(* 450000_),,,,,,,,,,
,,,  - ,Jemuran Pakaian (di dalam ruangan) [2 Set x 1 SMT x 1 Lok],,2,SET,450000,900000,,,,,_(* 900000_),_(* 900000_),,,,,,,,,,
,,,  - ,Jam Dinding [2 Set x 1 SMT x 1 Lok],,2,SET,250000,500000,,,,,_(* 500000_),_(* 500000_),,,,,,,,,,
,,,  - ,Tempat Sampah [2 Set x 1 Smt x 1 Lok],,2,SET,100000,200000,,,,,_(* 200000_),_(* 200000_),,,,,,,,,,
,,,  - ,Dispenser Air [2 Set x 1 SMT x 1 Lok],,2,SET,725000,1450000,,,,,_(* 1450000_),_(* 1450000_),,,,,,,,,,
,,,  - ,Jemuran Pakaian (di Luar ruangan) [2 Set x 1 Smt x 1 Lok],,2,SET,700000,1400000,,,,,_(* 1400000_),_(* 1400000_),,,,,,,,,,
,521811,,Belanja Barang Persediaan Barang Konsumsi,,,,,,1160000,0,,0,,_(* 1160000_),_(* 1160000_),,,,,,,,,,
,,,(KPPN.182-Jakarta VII ),,,,,,,,,,,_(* 0_),_(* 0_),,,,,,,,,,
,,,  - ,Gantungan Baju [10 Set x 1 Smt x 1 Lok],,10,SET,50000,500000,,,,,_(* 500000_),_(* 500000_),,,,,,,,,,
,,,  - ,Sapu dan Pengki [2 Set x 1 Smt x 1 Lok],,2,SET,100000,200000,,,,,_(* 200000_),_(* 200000_),,,,,,,,,,
,,,  - ,Kain Pel [2 Set x 1 Smt x 1 Lok],,2,SET,200000,400000,,,,,_(* 400000_),_(* 400000_),,,,,,,,,,
,,,  - ,Keset Lantai [2 Set x 1 Smt x 1 Lok],,2,SET,30000,60000,,,,,_(* 60000_),_(* 60000_),,,,,,,,,,
,I,,Pengasramaan Siswa,,,,,,205375000,0,,74850400,,_(* 205375000_),_(* 130524600_),,,,,,,,,,
,521811,,Belanja Barang Persediaan Barang Konsumsi,,,,,,205375000,0,,74850400,,_(* 205375000_),_(* 130524600_),,,,,,,,,,
,,,(KPPN.182-Jakarta VII ),,,,,,,,,,,_(* 0_),_(* 0_),,,,,,,,,,
,,,  - ,Bantal [25 Org x 2 BH x 1 rom],,50,SET,110000,5500000,,,,,_(* 5500000_),_(* 5500000_),,,,,,,,,,
,,,  - ,Guling [25 Org x 2 BH x 1 rom],,50,SET,120000,6000000,,,,,_(* 6000000_),_(* 6000000_),,,,,,,,,,
,,,  - ,Handuk [25 Org x 2 BH x 1 rom],,50,SET,150000,7500000,,,,,_(* 7500000_),_(* 7500000_),,,,,,,,,,
,,,  - ,Selimut [25 Org x 2 BH x 1 rom],,50,SET,100000,5000000,,,,,_(* 5000000_),_(* 5000000_),,,,,,,,,,
,,,  - ,Pengasramaan Siswa lainnya [25 Org x 2 BH x 1 rom],,50,SET,350000,17500000,,,,,_(* 17500000_),_(* 17500000_),,,,,,,,,,
,,,  - ,Peralatan Ibadah [25 Org x 1 SET x 1 rom],,25,SET,175000,4375000,,,,,_(* 4375000_),_(* 4375000_),,,,,,,,,,
,,,  - ,Pakaian Dalam [25 Org x 7 SET x 1 rom],,175,SET,150000,26250000,,,,,_(* 26250000_),_(* 26250000_),,,,,,,,,,
,,,  - ,Pakaian Santai/Seragam [25 Org x 7 SET x 1 rom],,175,SET,200000,35000000,,,,,_(* 35000000_),_(* 35000000_),,,,,,,,,,
,,,  - ,Keperluan Kebersihan Diri [25 Org x 1 SET x 1 rom x 12 BLN,,300,SET,250000,75000000,,,74540200,,_(* 75000000_),_(* 459800_),,,,,,,,,,
,,,  - ,Keperluan Wanita [15 Org x 1 SET x 1 rom x 12 BLN,,180,SET,100000,18000000,,,310200,,_(* 18000000_),_(* 17689800_),,,,,,,,,,
,,,  - ,Jilbab Santai [15 Org x 7 BH x 1 rom],,105,SET,50000,5250000,,,,,_(* 5250000_),_(* 5250000_),,,,,,,,,,
,J,,Pengasramaan Guru dan Tenaga Pendidik,,,,,,190740000,0,,0,,_(* 190740000_),_(* 190740000_),,,,,,,,,,
,521811,,Belanja Barang Persediaan Barang Konsumsi,,,,,,190740000,0,,0,,_(* 190740000_),_(* 190740000_),,,,,,,,,,
,,,(KPPN.182-Jakarta VII ),,,,,,,,,,,_(* 0_),_(* 0_),,,,,,,,,,
,,,  - ,Bantal [44 Org x 2 Bh x 1 lok],,88,Psg,110000,9680000,,,,,_(* 9680000_),_(* 9680000_),,,,,,,,,,
,,,  - ,Guling [44 Org x 2 Bh x 1 lok],,88,Psg,120000,10560000,,,,,_(* 10560000_),_(* 10560000_),,,,,,,,,,
,,,  - ,Seprei SIngle Katun [44 Org x 2 Bh x 1 lok],,88,Psg,350000,30800000,,,,,_(* 30800000_),_(* 30800000_),,,,,,,,,,
,,,  - ,Peralatan Ibadah [44 Org x 1 Set x 1 lok],,44,Psg,175000,7700000,,,,,_(* 7700000_),_(* 7700000_),,,,,,,,,,
,,,  - ,Perlengkapan Asrama Guru dan Tenaga Pendidik [44 Org x 1 Set x 1 lok x 12 bln,,528,Psg,250000,132000000,,,,,_(* 132000000_),_(* 132000000_),,,,,,,,,,
,K,,Peralatan Makan Siswa,,,,,,10370000,0,,0,,_(* 10370000_),_(* 10370000_),,,,,,,,,,
,521811,,Belanja Barang Persediaan Barang Konsumsi,,,,,,10370000,0,,0,,_(* 10370000_),_(* 10370000_),,,,,,,,,,
,,,(KPPN.182-Jakarta VII ),,,,,,,,,,,_(* 0_),_(* 0_),,,,,,,,,,
,,,  - ,Food Tray [25 Org x 3 Set x 1 rom],,75,SET,75000,5625000,,,,,_(* 5625000_),_(* 5625000_),,,,,,,,,,
,,,  - ,Termos [2 Bh x 1 Lok],,2,SET,360000,720000,,,,,_(* 720000_),_(* 720000_),,,,,,,,,,
,,,  - ,"Peralatan Makan (Piring, Sendok) [25 org x 1 SET x 1 rom]",,25,SET,93000,2325000,,,,,_(* 2325000_),_(* 2325000_),,,,,,,,,,
,,,  - ,Gelas [25 Bh x 1 SET x 1 rom],,25,SET,53000,1325000,,,,,_(* 1325000_),_(* 1325000_),,,,,,,,,,
,,,  - ,Sendok Garpu [25 org x 1 SET x 1 rom],,25,SET,15000,375000,,,,,_(* 375000_),_(* 375000_),,,,,,,,,,
,L,,Perlengkapan Sekolah,,,,,,76750000,0,,0,,_(* 76750000_),_(* 76750000_),,,,,,,,,,
,521811,,Belanja Barang Persediaan Barang Konsumsi,,,,,,76750000,0,,0,,_(* 76750000_),_(* 76750000_),,,,,,,,,,
,,,(KPPN.182-Jakarta VII ),,,,,,,,,,,_(* 0_),_(* 0_),,,,,,,,,,
,,,  - ,Buku Paket Siswa (buku pelajaran) [25 Org x 1 thn x 1 Set x 1 rom,,25,SET,2000000,50000000,,,,,_(* 50000000_),_(* 50000000_),,,,,,,,,,
,,,  - ,"Peralatan Sekolah (atk, buku tulis) [25 Org x 1 Thn x 1 Set x 1 Rom",,25,SET,750000,18750000,,,,,_(* 18750000_),_(* 18750000_),,,,,,,,,,
,,,  - ,Buku saku guru dan tendik (buku penunjang sekolah rakyat) [4 PKT x 1 Lok],,4,SET,2000000,8000000,,,,,_(* 8000000_),_(* 8000000_),,,,,,,,,,
,M,,Dukungan Penyelenggaraan Operasional Sekolah Rakyat,,,,,,182300000,3060000,,6810000,,_(* 179240000_),_(* 175490000_),,,,,,,,,,
,524111,,Belanja Perjalanan Dinas Biasa,,,,,,158300000,0,,0,,_(* 158300000_),_(* 158300000_),,,,,,,,,,
,,,(KPPN.182-Jakarta VII ),,,,,,,,,,,_(* 0_),_(* 0_),,,,,,,,,,
,,,  - ,Uang Harian Petugas [5 Org x 5 KEG x 3 KL x 1 Lok,,75,OK,430000,32250000,,,,,_(* 32250000_),_(* 32250000_),,,,,,,,,,
,,,  - ,Uang Penginapan Petugas [5 Org x 5 KEG x 2 HR x 1 Lok,,50,OK,891000,44550000,,,,,_(* 44550000_),_(* 44550000_),,,,,,,,,,
,,,  - ,Transport Petugas [5 Org x 5 KEG x 1 Kl x 1 Lok,,25,OK,910000,22750000,,,,,_(* 22750000_),_(* 22750000_),,,,,,,,,,
,,,  - ,Biaya Penginapan Siswa [25 Org x 1 KEG x 2 Kl x 1 Lok,,50,OK,500000,25000000,,,,,_(* 25000000_),_(* 25000000_),,,,,,,,,,
,,,  - ,Transport Pemulangan Libur Jeda Semester dsn Hari Besar Keagamaan [25 Org x 1 KEG x 3 Kl x 1 Lok,,75,OK,450000,33750000,,,,,_(* 33750000_),_(* 33750000_),,,,,,,,,,
,524113,,Belanja Perjalanan Dinas Dalam Kota,,,,,,24000000,3060000,,6810000,,_(* 20940000_),_(* 17190000_),,,,,,,,,,
,,,(KPPN.182-Jakarta VII ),,,,,,,,,,,_(* 0_),_(* 0_),,,,,,,,,,
,,,  - ,Transport Peserta [20 Org x 4 KEG x 2 KL x 1 Lok,,160,OK,150000,24000000,3060000,,6810000,,_(* 20940000_),_(* 17190000_),,,,,,,,,,
,407,,Sekolah Rakyat 1C Terintegrasi 07 Kabupaten Banyuwangi,,,,,,3064496000,53112000,,137854831,,_(* 3011384000_),_(* 2926641169_),,,,,,,,,,
,A,,Kegiatan Belajar Mengajar,,,,,,142640000,0,,2143000,,_(* 142640000_),_(* 140497000_),,,,,,,,,,
,521211,,Belanja Bahan,,,,,,130640000,0,,2143000,,_(* 130640000_),_(* 128497000_),,,,,,,,,,
,,,(KPPN.182-Jakarta VII ),,,,,,,,,,,_(* 0_),_(* 0_),,,,,,,,,,
,,,  - ,ATK Kelas [1 PKT x 12 BLN x 2 ROM],,24,OK,500000,12000000,,,996000,,_(* 12000000_),_(* 11004000_),,,,,,,,,,
,,,  - ,Buku Pegangan Guru [1 PKT x 2 SMT x 1 LOK],,2,OK,2000000,4000000,,,,,_(* 4000000_),_(* 4000000_),,,,,,,,,,
,,,  - ,Buku Penunjang Kegiatan Belajar Mengajar [5 PKT x 2 SMT x 1 LOK],,10,OK,500000,5000000,,,,,_(* 5000000_),_(* 5000000_),,,,,,,,,,
,,,  - ,Penggandaan Soal [25 ORG x 4 KEG x 2 ROM],,200,OK,25000,5000000,,,,,_(* 5000000_),_(* 5000000_),,,,,,,,,,
,,,  - ,Konsumsi Rapat Eksternal [40 ORG x 4 KEG x 2 HR x 1 LOK,,320,OK,53000,16960000,,,,,_(* 16960000_),_(* 16960000_),,,,,,,,,,
,,,  - ,Snack Rapat Eksternal [40 ORG x 4 KEG x 2 HR x 1 LOK,,320,OK,24000,7680000,,,,,_(* 7680000_),_(* 7680000_),,,,,,,,,,
,,,  - ,Media Pembelajaran dan Laporan Perkembangan Siswa [25 ORG x 2 PKT x 2 ROM],,100,OK,800000,80000000,,,1147000,,_(* 80000000_),_(* 78853000_),,,,,,,,,,
,522151,,Belanja Jasa Profesi,,,,,,12000000,0,,0,,_(* 12000000_),_(* 12000000_),,,,,,,,,,
,,,(KPPN.182-Jakarta VII ),,,,,,,,,,,_(* 0_),_(* 0_),,,,,,,,,,
,,,  - ,Honor Instruktur [4 ORG x 2 Jam x 2 ROM],,16,OK,500000,8000000,,,,,_(* 8000000_),_(* 8000000_),,,,,,,,,,
,,,  - ,Honor Narasumber [4 ORG x 2 Jam],,8,OK,500000,4000000,,,,,_(* 4000000_),_(* 4000000_),,,,,,,,,,
,B,,Praktikum Komunitas,,,,,,24400000,0,,0,,_(* 24400000_),_(* 24400000_),,,,,,,,,,
,521211,,Belanja Bahan,,,,,,6400000,0,,0,,_(* 6400000_),_(* 6400000_),,,,,,,,,,
,,,(KPPN.182-Jakarta VII ),,,,,,,,,,,_(* 0_),_(* 0_),,,,,,,,,,
,,,  - ,Snack dan Konsumsi Siswa [25 ORG x 2 keg x 2 Rom],,100,OK,53000,5300000,,,,,_(* 5300000_),_(* 5300000_),,,,,,,,,,
,,,  - ,Dokumentasi Pelaporan [1 KEG x 2 LOK],,2,OK,250000,500000,,,,,_(* 500000_),_(* 500000_),,,,,,,,,,
,,,  - ,Spanduk [1 KEG x 2 LOK],,2,OK,300000,600000,,,,,_(* 600000_),_(* 600000_),,,,,,,,,,
,521213,,Belanja Honor Output Kegiatan,,,,,,2000000,0,,0,,_(* 2000000_),_(* 2000000_),,,,,,,,,,
,,,(KPPN.182-Jakarta VII ),,,,,,,,,,,_(* 0_),_(* 0_),,,,,,,,,,
,,,  - ,Honor Pemandu Praktikum [2 ORG x 2 KEG],,4,OK,500000,2000000,,,,,_(* 2000000_),_(* 2000000_),,,,,,,,,,
,522141,,Belanja Sewa,,,,,,16000000,0,,0,,_(* 16000000_),_(* 16000000_),,,,,,,,,,
,,,(KPPN.182-Jakarta VII ),,,,,,,,,,,_(* 0_),_(* 0_),,,,,,,,,,
,,,  - ,Sewa Bus [1 UNIT x 2 keg x 2 ROm],,4,OK,4000000,16000000,,,,,_(* 16000000_),_(* 16000000_),,,,,,,,,,
,C,,Kegiatan Krida,,,,,,56050000,0,,0,,_(* 56050000_),_(* 56050000_),,,,,,,,,,
,521211,,Belanja Bahan,,,,,,38050000,0,,0,,_(* 38050000_),_(* 38050000_),,,,,,,,,,
,,,(KPPN.182-Jakarta VII ),,,,,,,,,,,_(* 0_),_(* 0_),,,,,,,,,,
,,,  - ,Konsumsi dan Snack Siswa [25 Org x 2 keg x 2 Rom],,100,OK,53000,5300000,,,,,_(* 5300000_),_(* 5300000_),,,,,,,,,,
,,,  - ,Sarana Pendukung Keagamaan [5 keg x 1 lo],,5,OK,500000,2500000,,,,,_(* 2500000_),_(* 2500000_),,,,,,,,,,
,,,  - ,Dokumentasi dan Pelaporan [1 KEG x 1 LOK],,1,KEG,250000,250000,,,,,_(* 250000_),_(* 250000_),,,,,,,,,,
,,,  - ,Media Pembelajaran [25 ORG x 2 KEG x 2 ROM],,100,OK,300000,30000000,,,,,_(* 30000000_),_(* 30000000_),,,,,,,,,,
,522141,,Belanja Sewa,,,,,,16000000,0,,0,,_(* 16000000_),_(* 16000000_),,,,,,,,,,
,,,(KPPN.182-Jakarta VII ),,,,,,,,,,,_(* 0_),_(* 0_),,,,,,,,,,
,,,  - ,Sewa Bus [1 unt x 2 keg x 2 Rom],,4,OK,4000000,16000000,,,,,_(* 16000000_),_(* 16000000_),,,,,,,,,,
,522151,,Belanja Jasa Profesi,,,,,,2000000,0,,0,,_(* 2000000_),_(* 2000000_),,,,,,,,,,
,,,(KPPN.182-Jakarta VII ),,,,,,,,,,,_(* 0_),_(* 0_),,,,,,,,,,
,,,  - ,Honor Instruktur [2 ORG x 2 keg x 1 LOK],,4,OK,500000,2000000,,,,,_(* 2000000_),_(* 2000000_),,,,,,,,,,
,D,,Karya Ilmiah dan Latihan Olah Bakat dan Minat,,,,,,220800000,0,,5268500,,_(* 220800000_),_(* 215531500_),,,,,,,,,,
,521211,,Belanja Bahan,,,,,,31800000,0,,0,,_(* 31800000_),_(* 31800000_),,,,,,,,,,
,,,(KPPN.182-Jakarta VII ),,,,,,,,,,,_(* 0_),_(* 0_),,,,,,,,,,
,,,  - ,Snack dan Konsumsi Siswa [25 ORG x 4 KL x 3 hr x 2 Rom,,600,OK,53000,31800000,,,,,_(* 31800000_),_(* 31800000_),,,,,,,,,,
,521219,,Belanja Barang Non Operasional Lainnya,,,,,,115000000,0,,0,,_(* 115000000_),_(* 115000000_),,,,,,,,,,
,,,(KPPN.182-Jakarta VII ),,,,,,,,,,,_(* 0_),_(* 0_),,,,,,,,,,
,,,  - ,Pengembangan Kompetensi Siswa dan Kegiatan Sekolah,,1,PAKET,95000000,95000000,,,,,_(* 95000000_),_(* 95000000_),,,,,,,,,,
,,,  - ,Biaya Masuk Lokasi Study [25 Org x 2 Bln x 2 Rom],,100,OK,200000,20000000,,,,,_(* 20000000_),_(* 20000000_),,,,,,,,,,
,521811,,Belanja Barang Persediaan Barang Konsumsi,,,,,,10000000,0,,4218500,,_(* 10000000_),_(* 5781500_),,,,,,,,,,
,,,(KPPN.182-Jakarta VII ),,,,,,,,,,,_(* 0_),_(* 0_),,,,,,,,,,
,,,  - ,Media Ekstrakulikuler Lainnya [20 Pcs x 1 Pkt x 1 Lok],,20,OK,500000,10000000,,,4218500,,_(* 10000000_),_(* 5781500_),,,,,,,,,,
,522141,,Belanja Sewa,,,,,,16000000,0,,0,,_(* 16000000_),_(* 16000000_),,,,,,,,,,
,,,(KPPN.182-Jakarta VII ),,,,,,,,,,,_(* 0_),_(* 0_),,,,,,,,,,
,,,  - ,Sewa Bus [1 unt x 2 keg x 2 Rom],,4,OK,4000000,16000000,,,,,_(* 16000000_),_(* 16000000_),,,,,,,,,,
,522151,,Belanja Jasa Profesi,,,,,,48000000,0,,1050000,,_(* 48000000_),_(* 46950000_),,,,,,,,,,
,,,(KPPN.182-Jakarta VII ),,,,,,,,,,,_(* 0_),_(* 0_),,,,,,,,,,
,,,  - ,Honor Pembimbing Olahraga/Olah Minat [4 ORG x 2 KL x 12 BLN x 1 LOK,,96,OK,500000,48000000,,,1050000,,_(* 48000000_),_(* 46950000_),,,,,,,,,,
,E,,Koordinasi dan Konsultasi Sekolah Rakyat,,,,,,151200000,0,,0,,_(* 151200000_),_(* 151200000_),,,,,,,,,,
,524111,,Belanja Perjalanan Dinas Biasa,,,,,,142700000,0,,0,,_(* 142700000_),_(* 142700000_),,,,,,,,,,
,,,(KPPN.182-Jakarta VII ),,,,,,,,,,,_(* 0_),_(* 0_),,,,,,,,,,
,,,  - ,transport petugas [5 Org x 2 KEG x 2 KL x 1 Lok,,20,OK,5000000,100000000,,,,,_(* 100000000_),_(* 100000000_),,,,,,,,,,
,,,  - ,uang penginapan petugas [5 Org x 2 KEG x 3 HR x 1 Lok,,30,OK,850000,25500000,,,,,_(* 25500000_),_(* 25500000_),,,,,,,,,,
,,,  - ,Uang Harian Petugas [5 Org x 2 KEG x 4 HR x 1 Lok,,40,OK,430000,17200000,,,,,_(* 17200000_),_(* 17200000_),,,,,,,,,,
,524113,,Belanja Perjalanan Dinas Dalam Kota,,,,,,8500000,0,,0,,_(* 8500000_),_(* 8500000_),,,,,,,,,,
,,,(KPPN.182-Jakarta VII ),,,,,,,,,,,_(* 0_),_(* 0_),,,,,,,,,,
,,,  - ,transport petugas [10 Org x 1 KEG x 5 KL x 1 Lok,,50,OK,170000,8500000,,,,,_(* 8500000_),_(* 8500000_),,,,,,,,,,
,F,,Permakanan dan Perawatan Siswa,,,,,,1434000000,53112000,,108470500,,_(* 1380888000_),_(* 1325529500_),,,,,,,,,,
,521112,,Belanja Pengadaan Bahan Makanan,,,,,,1320000000,53112000,,108470500,,_(* 1266888000_),_(* 1211529500_),,,,,,,,,,
,,,(KPPN.182-Jakarta VII ),,,,,,,,,,,_(* 0_),_(* 0_),,,,,,,,,,
,,,  - ,Makan Siswa [25 Org x 3 KL x 365 HR x 2 ROM,,54750,OH,15000,821250000,38532000,,78598000,,_(* 782718000_),_(* 742652000_),,,,,,,,,,
,,,  - ,Air Minum [25 BH x 12 BLN x 30 HR x 1 LOK,,9000,OH,25000,225000000,,,,,_(* 225000000_),_(* 225000000_),,,,,,,,,,
,,,  - ,Snack Siswa [25 Org x 2 KL x 365 HR x 2 ROM,,36500,OH,7500,273750000,14580000,,29872500,,_(* 259170000_),_(* 243877500_),,,,,,,,,,
,521219,,Belanja Barang Non Operasional Lainnya,,,,,,114000000,0,,0,,_(* 114000000_),_(* 114000000_),,,,,,,,,,
,,,(KPPN.182-Jakarta VII ),,,,,,,,,,,_(* 0_),_(* 0_),,,,,,,,,,
,,,  - ,Kesehatan Siswa [15 Org x 12 Bln x 1 LOK],,180,OH,500000,90000000,,,,,_(* 90000000_),_(* 90000000_),,,,,,,,,,
,,,  - ,Perawatan Diri [25 Org x 12 Bln x 2 Rom],,600,OH,40000,24000000,,,,,_(* 24000000_),_(* 24000000_),,,,,,,,,,
,G,,Perlengkapan Operasional Sekolah,,,,,,41836000,0,,1594431,,_(* 41836000_),_(* 40241569_),,,,,,,,,,
,521811,,Belanja Barang Persediaan Barang Konsumsi,,,,,,41836000,0,,1594431,,_(* 41836000_),_(* 40241569_),,,,,,,,,,
,,,(KPPN.182-Jakarta VII ),,,,,,,,,,,_(* 0_),_(* 0_),,,,,,,,,,
,,,  - ,Obat obatan ringan [1 ls x 12 Bln x 1 lok],,12,SET,2500000,30000000,,,1391931,,_(* 30000000_),_(* 28608069_),,,,,,,,,,
,,,  - ,Alat Kebersihan Asrama,,1,PKT,11836000,11836000,,,202500,,_(* 11836000_),_(* 11633500_),,,,,,,,,,
,H,,Kebutuhan Asrama,,,,,,6760000,0,,0,,_(* 6760000_),_(* 6760000_),,,,,,,,,,
,521252,,Belanja Peralatan dan Mesin - Ekstrakomptabel,,,,,,5600000,0,,0,,_(* 5600000_),_(* 5600000_),,,,,,,,,,
,,,(KPPN.182-Jakarta VII ),,,,,,,,,,,_(* 0_),_(* 0_),,,,,,,,,,
,,,  - ,Rak Sepatu [2 Set x 1 Smt x 1 Lok],,2,SET,350000,700000,,,,,_(* 700000_),_(* 700000_),,,,,,,,,,
,,,  - ,Setrika [2 Set x 1 Smt x 1 Lok],,2,SET,225000,450000,,,,,_(* 450000_),_(* 450000_),,,,,,,,,,
,,,  - ,Jemuran Pakaian (di dalam ruangan) [2 Set x 1 SMT x 1 Lok],,2,SET,450000,900000,,,,,_(* 900000_),_(* 900000_),,,,,,,,,,
,,,  - ,Jam Dinding [2 Set x 1 SMT x 1 Lok],,2,SET,250000,500000,,,,,_(* 500000_),_(* 500000_),,,,,,,,,,
,,,  - ,Tempat Sampah [2 Set x 1 Smt x 1 Lok],,2,SET,100000,200000,,,,,_(* 200000_),_(* 200000_),,,,,,,,,,
,,,  - ,Dispenser Air [2 Set x 1 SMT x 1 Lok],,2,SET,725000,1450000,,,,,_(* 1450000_),_(* 1450000_),,,,,,,,,,
,,,  - ,Jemuran Pakaian (di Luar ruangan) [2 Set x 1 Smt x 1 Lok],,2,SET,700000,1400000,,,,,_(* 1400000_),_(* 1400000_),,,,,,,,,,
,521811,,Belanja Barang Persediaan Barang Konsumsi,,,,,,1160000,0,,0,,_(* 1160000_),_(* 1160000_),,,,,,,,,,
,,,(KPPN.182-Jakarta VII ),,,,,,,,,,,_(* 0_),_(* 0_),,,,,,,,,,
,,,  - ,Gantungan Baju [10 Set x 1 Smt x 1 Lok],,10,SET,50000,500000,,,,,_(* 500000_),_(* 500000_),,,,,,,,,,
,,,  - ,Sapu dan Pengki [2 Set x 1 Smt x 1 Lok],,2,SET,100000,200000,,,,,_(* 200000_),_(* 200000_),,,,,,,,,,
,,,  - ,Kain Pel [2 Set x 1 Smt x 1 Lok],,2,SET,200000,400000,,,,,_(* 400000_),_(* 400000_),,,,,,,,,,
,,,  - ,Keset Lantai [2 Set x 1 Smt x 1 Lok],,2,SET,30000,60000,,,,,_(* 60000_),_(* 60000_),,,,,,,,,,
,I,,Pengasramaan Siswa,,,,,,410750000,0,,13028400,,_(* 410750000_),_(* 397721600_),,,,,,,,,,
,521811,,Belanja Barang Persediaan Barang Konsumsi,,,,,,410750000,0,,13028400,,_(* 410750000_),_(* 397721600_),,,,,,,,,,
,,,(KPPN.182-Jakarta VII ),,,,,,,,,,,_(* 0_),_(* 0_),,,,,,,,,,
,,,  - ,Bantal [25 Org x 2 BH x 2 rom],,100,SET,110000,11000000,,,,,_(* 11000000_),_(* 11000000_),,,,,,,,,,
,,,  - ,Guling [25 Org x 2 BH x 2 rom],,100,SET,120000,12000000,,,,,_(* 12000000_),_(* 12000000_),,,,,,,,,,
,,,  - ,Handuk [25 Org x 2 BH x 2 rom],,100,SET,150000,15000000,,,,,_(* 15000000_),_(* 15000000_),,,,,,,,,,
,,,  - ,Selimut [25 Org x 2 BH x 2 rom],,100,SET,100000,10000000,,,,,_(* 10000000_),_(* 10000000_),,,,,,,,,,
,,,  - ,Pengasramaan Siswa Lainnya [25 Org x 2 BH x 2 rom],,100,SET,350000,35000000,,,,,_(* 35000000_),_(* 35000000_),,,,,,,,,,
,,,  - ,Peralatan Ibadah [25 Org x 1 SET x 2 rom],,50,SET,175000,8750000,,,,,_(* 8750000_),_(* 8750000_),,,,,,,,,,
,,,  - ,Pakaian Dalam [25 Org x 7 SET x 2 rom],,350,SET,150000,52500000,,,,,_(* 52500000_),_(* 52500000_),,,,,,,,,,
,,,  - ,Pakaian Santai/Seragam [25 Org x 7 SET x 2 rom],,350,SET,200000,70000000,,,,,_(* 70000000_),_(* 70000000_),,,,,,,,,,
,,,  - ,Keperluan Kebersihan Diri [25 Org x 1 SET x 2 rom x 12 BLN,,600,SET,250000,150000000,,,12485550,,_(* 150000000_),_(* 137514450_),,,,,,,,,,
,,,  - ,Keperluan Wanita [15 Org x 1 SET x 2 rom x 12 BLN,,360,SET,100000,36000000,,,542850,,_(* 36000000_),_(* 35457150_),,,,,,,,,,
,,,  - ,Jilbab Santai [15 Org x 7 BH x 2 rom],,210,SET,50000,10500000,,,,,_(* 10500000_),_(* 10500000_),,,,,,,,,,
,J,,Pengasramaan Guru dan Tenaga Pendidik,,,,,,190740000,0,,0,,_(* 190740000_),_(* 190740000_),,,,,,,,,,
,521811,,Belanja Barang Persediaan Barang Konsumsi,,,,,,190740000,0,,0,,_(* 190740000_),_(* 190740000_),,,,,,,,,,
,,,(KPPN.182-Jakarta VII ),,,,,,,,,,,_(* 0_),_(* 0_),,,,,,,,,,
,,,  - ,Bantal [44 Org x 2 Bh x 1 lok],,88,Psg,110000,9680000,,,,,_(* 9680000_),_(* 9680000_),,,,,,,,,,
,,,  - ,Guling [44 Org x 2 Bh x 1 lok],,88,Psg,120000,10560000,,,,,_(* 10560000_),_(* 10560000_),,,,,,,,,,
,,,  - ,Seprei SIngle Katun [44 Org x 2 Bh x 1 lok],,88,Psg,350000,30800000,,,,,_(* 30800000_),_(* 30800000_),,,,,,,,,,
,,,  - ,Peralatan Ibadah [44 Org x 1 Set x 1 lok],,44,Psg,175000,7700000,,,,,_(* 7700000_),_(* 7700000_),,,,,,,,,,
,,,  - ,Perlengkapan Asrama Guru dan Tenaga Pendidik [44 Org x 1 Set x 1 lok x 12 bln,,528,Psg,250000,132000000,,,,,_(* 132000000_),_(* 132000000_),,,,,,,,,,
,K,,Peralatan Makan Siswa,,,,,,20020000,0,,0,,_(* 20020000_),_(* 20020000_),,,,,,,,,,
,521811,,Belanja Barang Persediaan Barang Konsumsi,,,,,,20020000,0,,0,,_(* 20020000_),_(* 20020000_),,,,,,,,,,
,,,(KPPN.182-Jakarta VII ),,,,,,,,,,,_(* 0_),_(* 0_),,,,,,,,,,
,,,  - ,Food Tray [25 Org x 3 Set x 2 rom],,150,SET,75000,11250000,,,,,_(* 11250000_),_(* 11250000_),,,,,,,,,,
,,,  - ,Termos [2 Bh x 1 Lok],,2,SET,360000,720000,,,,,_(* 720000_),_(* 720000_),,,,,,,,,,
,,,  - ,"Peralatan Makan (Piring, Sendok) [25 org x 1 SET x 2 rom]",,50,SET,93000,4650000,,,,,_(* 4650000_),_(* 4650000_),,,,,,,,,,
,,,  - ,Gelas [25 Bh x 1 SET x 2 rom],,50,SET,53000,2650000,,,,,_(* 2650000_),_(* 2650000_),,,,,,,,,,
,,,  - ,Sendok Garpu [25 org x 1 SET x 2 rom],,50,SET,15000,750000,,,,,_(* 750000_),_(* 750000_),,,,,,,,,,
,L,,Perlengkapan Sekolah,,,,,,145500000,0,,0,,_(* 145500000_),_(* 145500000_),,,,,,,,,,
,521811,,Belanja Barang Persediaan Barang Konsumsi,,,,,,145500000,0,,0,,_(* 145500000_),_(* 145500000_),,,,,,,,,,
,,,(KPPN.182-Jakarta VII ),,,,,,,,,,,_(* 0_),_(* 0_),,,,,,,,,,
,,,  - ,Buku Paket Siswa (buku pelajaran) [25 Org x 1 thn x 1 Set x 2 rom,,50,SET,2000000,100000000,,,,,_(* 100000000_),_(* 100000000_),,,,,,,,,,
,,,  - ,"Peralatan Sekolah (atk, buku tulis) [25 Org x 1 Thn x 1 Set x 2 Rom",,50,SET,750000,37500000,,,,,_(* 37500000_),_(* 37500000_),,,,,,,,,,
,,,  - ,Buku saku guru dan tendik (buku penunjang sekolah rakyat) [4 PKT x 1 Lok],,4,SET,2000000,8000000,,,,,_(* 8000000_),_(* 8000000_),,,,,,,,,,
,M,,Dukungan Penyelenggaraan Operasional Sekolah Rakyat,,,,,,219800000,0,,7350000,,_(* 219800000_),_(* 212450000_),,,,,,,,,,
,524111,,Belanja Perjalanan Dinas Biasa,,,,,,195800000,0,,0,,_(* 195800000_),_(* 195800000_),,,,,,,,,,
,,,(KPPN.182-Jakarta VII ),,,,,,,,,,,_(* 0_),_(* 0_),,,,,,,,,,
,,,  - ,Uang Harian Petugas [5 Org x 5 KEG x 3 KL x 1 Lok,,75,OK,430000,32250000,,,,,_(* 32250000_),_(* 32250000_),,,,,,,,,,
,,,  - ,Uang Penginapan Petugas [5 Org x 5 KEG x 2 HR x 1 Lok,,50,OK,783500,39175000,,,,,_(* 39175000_),_(* 39175000_),,,,,,,,,,
,,,  - ,Transport Petugas [5 Org x 5 KEG x 1 Kl x 1 Lok,,25,OK,875000,21875000,,,,,_(* 21875000_),_(* 21875000_),,,,,,,,,,
,,,  - ,Biaya Penginapan Siswa [25 Org x 1 KEG x 2 Kl x 2 Lok,,100,OK,500000,50000000,,,,,_(* 50000000_),_(* 50000000_),,,,,,,,,,
,,,  - ,Transport Pemulangan Libur Jeda Semester dsn Hari Besar Keagamaan [25 Org x 1 KEG x 3 Kl x 2 Lok,,150,OK,350000,52500000,,,,,_(* 52500000_),_(* 52500000_),,,,,,,,,,
,524113,,Belanja Perjalanan Dinas Dalam Kota,,,,,,24000000,0,,7350000,,_(* 24000000_),_(* 16650000_),,,,,,,,,,
,,,(KPPN.182-Jakarta VII ),,,,,,,,,,,_(* 0_),_(* 0_),,,,,,,,,,
,,,  - ,Transport Peserta [20 Org x 4 KEG x 2 KL x 1 Lok,,160,OK,150000,24000000,,,7350000,,_(* 24000000_),_(* 16650000_),,,,,,,,,,
,408,,Sekolah Rakyat 1C Terintegrasi 08 Kabupaten Pasuruan,,,,,,3064496000,170789000,,295770418,,_(* 2893707000_),_(* 2768725582_),,,,,,,,,,
,A,,Kegiatan Belajar Mengajar,,,,,,142640000,0,,25201000,,_(* 142640000_),_(* 117439000_),,,,,,,,,,
,521211,,Belanja Bahan,,,,,,130640000,0,,19201000,,_(* 130640000_),_(* 111439000_),,,,,,,,,,
,,,(KPPN.182-Jakarta VII ),,,,,,,,,,,_(* 0_),_(* 0_),,,,,,,,,,
,,,  - ,ATK Kelas [1 PKT x 12 BLN x 2 ROM],,24,OK,500000,12000000,,,450000,,_(* 12000000_),_(* 11550000_),,,,,,,,,,
,,,  - ,Buku Pegangan Guru [1 PKT x 2 SMT x 1 LOK],,2,OK,2000000,4000000,,,,,_(* 4000000_),_(* 4000000_),,,,,,,,,,
,,,  - ,Buku Penunjang Kegiatan Belajar Mengajar [5 PKT x 2 SMT x 1 LOK],,10,OK,500000,5000000,,,3201000,,_(* 5000000_),_(* 1799000_),,,,,,,,,,
,,,  - ,Penggandaan Soal [25 ORG x 4 KEG x 2 ROM],,200,OK,25000,5000000,,,3345000,,_(* 5000000_),_(* 1655000_),,,,,,,,,,
,,,  - ,Konsumsi Rapat Eksternal [40 ORG x 4 KEG x 2 HR x 1 LOK,,320,OK,53000,16960000,,,5960000,,_(* 16960000_),_(* 11000000_),,,,,,,,,,
,,,  - ,Snack Rapat Eksternal [40 ORG x 4 KEG x 2 HR x 1 LOK,,320,OK,24000,7680000,,,,,_(* 7680000_),_(* 7680000_),,,,,,,,,,
,,,  - ,Media Pembelajaran dan Laporan Perkembangan Siswa [25 ORG x 2 PKT x 2 ROM],,100,OK,800000,80000000,,,6245000,,_(* 80000000_),_(* 73755000_),,,,,,,,,,
,522151,,Belanja Jasa Profesi,,,,,,12000000,0,,6000000,,_(* 12000000_),_(* 6000000_),,,,,,,,,,
,,,(KPPN.182-Jakarta VII ),,,,,,,,,,,_(* 0_),_(* 0_),,,,,,,,,,
,,,  - ,Honor Instruktur [4 ORG x 2 Jam x 2 ROM],,16,OK,500000,8000000,,,5500000,,_(* 8000000_),_(* 2500000_),,tambahan dari cc/ ls 20jt,,,,,,,,
,,,  - ,Honor Narasumber [4 ORG x 2 Jam],,8,OK,500000,4000000,,,500000,,_(* 4000000_),_(* 3500000_),,,,,,,,,,
,B,,Praktikum Komunitas,,,,,,24400000,0,,160000,,_(* 24400000_),_(* 24240000_),,,,,,,,,,
,521211,,Belanja Bahan,,,,,,6400000,0,,160000,,_(* 6400000_),_(* 6240000_),,,,,,,,,,
,,,(KPPN.182-Jakarta VII ),,,,,,,,,,,_(* 0_),_(* 0_),,,,,,,,,,
,,,  - ,Snack dan Konsumsi Siswa [25 ORG x 2 keg x 2 Rom],,100,OK,53000,5300000,,,,,_(* 5300000_),_(* 5300000_),,,,,,,,,,
,,,  - ,Dokumentasi Pelaporan [1 KEG x 2 LOK],,2,OK,250000,500000,,,,,_(* 500000_),_(* 500000_),,,,,,,,,,
,,,  - ,Spanduk [1 KEG x 2 LOK],,2,OK,300000,600000,,,160000,,_(* 600000_),_(* 440000_),,,,,,,,,,
,521213,,Belanja Honor Output Kegiatan,,,,,,2000000,0,,0,,_(* 2000000_),_(* 2000000_),,,,,,,,,,
,,,(KPPN.182-Jakarta VII ),,,,,,,,,,,_(* 0_),_(* 0_),,,,,,,,,,
,,,  - ,Honor Pemandu Praktikum [2 ORG x 2 KEG],,4,OK,500000,2000000,,,,,_(* 2000000_),_(* 2000000_),,,,,,,,,,
,522141,,Belanja Sewa,,,,,,16000000,0,,0,,_(* 16000000_),_(* 16000000_),,,,,,,,,,
,,,(KPPN.182-Jakarta VII ),,,,,,,,,,,_(* 0_),_(* 0_),,,,,,,,,,
,,,  - ,Sewa Bus [1 UNIT x 2 keg x 2 ROm],,4,OK,4000000,16000000,,,,,_(* 16000000_),_(* 16000000_),,,,,,,,,,
,C,,Kegiatan Krida,,,,,,56050000,0,,30586418,,_(* 56050000_),_(* 25463582_),,,,,,,,,,
,521211,,Belanja Bahan,,,,,,38050000,0,,17588418,,_(* 38050000_),_(* 20461582_),,,,,,,,,,
,,,(KPPN.182-Jakarta VII ),,,,,,,,,,,_(* 0_),_(* 0_),,,,,,,,,,
,,,  - ,Konsumsi dan Snack Siswa [25 Org x 2 keg x 2 Rom],,100,OK,53000,5300000,,,3200000,,_(* 5300000_),_(* 2100000_),,cc/ ls 20jt,,,,,,,,
,,,  - ,Sarana Pendukung Keagamaan [5 keg x 1 lo],,5,OK,500000,2500000,,,,,_(* 2500000_),_(* 2500000_),,,,,,,,,,
,,,  - ,Dokumentasi dan Pelaporan [1 KEG x 1 LOK],,1,KEG,250000,250000,,,,,_(* 250000_),_(* 250000_),,,,,,,,,,
,,,  - ,Media Pembelajaran [25 ORG x 2 KEG x 2 ROM],,100,OK,300000,30000000,,,14388418,,_(* 30000000_),_(* 15611582_),,cc 5 122 jt,,,,,,,,
,522141,,Belanja Sewa,,,,,,16000000,0,,12998000,,_(* 16000000_),_(* 3002000_),,,,,,,,,,
,,,(KPPN.182-Jakarta VII ),,,,,,,,,,,_(* 0_),_(* 0_),,,,,,,,,,
,,,  - ,Sewa Bus [1 unt x 2 keg x 2 Rom],,4,OK,4000000,16000000,,,12998000,,_(* 16000000_),_(* 3002000_),,dari cc/ls 20 jt dan cc 5 122 jt,,,,,,,,
,522151,,Belanja Jasa Profesi,,,,,,2000000,0,,0,,_(* 2000000_),_(* 2000000_),,,,,,,,,,
,,,(KPPN.182-Jakarta VII ),,,,,,,,,,,_(* 0_),_(* 0_),,,,,,,,,,
,,,  - ,Honor Instruktur [2 ORG x 2 keg x 1 LOK],,4,OK,500000,2000000,,,,,_(* 2000000_),_(* 2000000_),,,,,,,,,,
,D,,Karya Ilmiah dan Latihan Olah Bakat dan Minat,,,,,,220800000,0,,27135000,,_(* 220800000_),_(* 193665000_),,,,,,,,,,
,521211,,Belanja Bahan,,,,,,31800000,0,,0,,_(* 31800000_),_(* 31800000_),,,,,,,,,,
,,,(KPPN.182-Jakarta VII ),,,,,,,,,,,_(* 0_),_(* 0_),,,,,,,,,,
,,,  - ,Snack dan Konsumsi Siswa [25 ORG x 4 KL x 3 hr x 2 Rom,,600,OK,53000,31800000,,,,,_(* 31800000_),_(* 31800000_),,,,,,,,,,
,521219,,Belanja Barang Non Operasional Lainnya,,,,,,115000000,0,,9135000,,_(* 115000000_),_(* 105865000_),,,,,,,,,,
,,,(KPPN.182-Jakarta VII ),,,,,,,,,,,_(* 0_),_(* 0_),,,,,,,,,,
,,,  - ,Pengembangan Kompetensi Siswa dan Kegiatan Sekolah,,1,PAKET,95000000,95000000,,,35000,,_(* 95000000_),_(* 94965000_),,,,,,,,,,
,,,  - ,Biaya Masuk Lokasi Study [25 Org x 2 Bln x 2 Rom],,100,OK,200000,20000000,,,9100000,,_(* 20000000_),_(* 10900000_),,tambahan dari cc 5 122 jt,,,,,,,,
,521811,,Belanja Barang Persediaan Barang Konsumsi,,,,,,10000000,,,,,_(* 10000000_),_(* 10000000_),,,,,,,,,,
,,,(KPPN.182-Jakarta VII ),,,,,,,,,,,_(* 0_),_(* 0_),,,,,,,,,,
,,,  - ,Media Ekstrakulikuler Lainnya [20 Pcs x 1 Pkt x 1 Lok],,20,OK,500000,10000000,,,,,_(* 10000000_),_(* 10000000_),,,,,,,,,,
,522141,,Belanja Sewa,,,,,,16000000,0,,0,,_(* 16000000_),_(* 16000000_),,,,,,,,,,
,,,(KPPN.182-Jakarta VII ),,,,,,,,,,,_(* 0_),_(* 0_),,,,,,,,,,
,,,  - ,Sewa Bus [1 unt x 2 keg x 2 Rom],,4,OK,4000000,16000000,,,,,_(* 16000000_),_(* 16000000_),,,,,,,,,,
,522151,,Belanja Jasa Profesi,,,,,,48000000,0,,18000000,,_(* 48000000_),_(* 30000000_),,,,,,,,,,
,,,(KPPN.182-Jakarta VII ),,,,,,,,,,,_(* 0_),_(* 0_),,,,,,,,,,
,,,  - ,Honor Pembimbing Olahraga/Olah Minat [4 ORG x 2 KL x 12 BLN x 1 LOK,,96,OK,500000,48000000,,,18000000,,_(* 48000000_),_(* 30000000_),,tambahan dari cc 5 122jt,,,,,,,,
,E,,Koordinasi dan Konsultasi Sekolah Rakyat,,,,,,151200000,79804000,,80144000,,_(* 71396000_),_(* 71056000_),,,,,,,,,,
,524111,,Belanja Perjalanan Dinas Biasa,,,,,,142700000,79804000,,79804000,,_(* 62896000_),_(* 62896000_),,,,,,,,,,
,,,(KPPN.182-Jakarta VII ),,,,,,,,,,,_(* 0_),_(* 0_),,,,,,,,,,
,,,  - ,transport petugas [5 Org x 2 KEG x 2 KL x 1 Lok,,20,OK,5000000,100000000,50700000,,50700000,,_(* 49300000_),_(* 49300000_),1270000,transport perjadin tagana,,,,,,,,
,,,  - ,uang penginapan petugas [5 Org x 2 KEG x 3 HR x 1 Lok,,30,OK,850000,25500000,16650000,,16650000,,_(* 8850000_),_(* 8850000_),,,,,,,,,,
,,,  - ,Uang Harian Petugas [5 Org x 2 KEG x 4 HR x 1 Lok,,40,OK,430000,17200000,12454000,,12454000,,_(* 4746000_),_(* 4746000_),7790000,transport perjadin tagana,,,,,,,,
,524113,,Belanja Perjalanan Dinas Dalam Kota,,,,,,8500000,0,,340000,,_(* 8500000_),_(* 8160000_),,,,,,,,,,
,,,(KPPN.182-Jakarta VII ),,,,,,,,,,,_(* 0_),_(* 0_),,,,,,,,,,
,,,  - ,transport petugas [10 Org x 1 KEG x 5 KL x 1 Lok,,50,OK,170000,8500000,,,340000,,_(* 8500000_),_(* 8160000_),,,,,,,,,,
,F,,Permakanan dan Perawatan Siswa,,,,,,1434000000,90985000,,106876000,,_(* 1343015000_),_(* 1327124000_),,,,,,,,,,
,521112,,Belanja Pengadaan Bahan Makanan,,,,,,1320000000,90985000,,106876000,,_(* 1229015000_),_(* 1213124000_),,,,,,,,,,
,,,(KPPN.182-Jakarta VII ),,,,,,,,,,,_(* 0_),_(* 0_),,,,,,,,,,
,,,  - ,Makan Siswa [25 Org x 3 KL x 365 HR x 2 ROM,,54750,OH,15000,821250000,65845000,,77506000,,_(* 755405000_),_(* 743744000_),188448000,permakanan catering,,,,,,,,
,,,  - ,Air Minum [25 BH x 12 BLN x 30 HR x 1 LOK,,9000,OH,25000,225000000,,,,,_(* 225000000_),_(* 225000000_),,,,,,,,,,
,,,  - ,Snack Siswa [25 Org x 2 KL x 365 HR x 2 ROM,,36500,OH,7500,273750000,25140000,,29370000,,_(* 248610000_),_(* 244380000_),67425000,permakanan catering,,,,,,,,
,521219,,Belanja Barang Non Operasional Lainnya,,,,,,114000000,0,,0,,_(* 114000000_),_(* 114000000_),,,,,,,,,,
,,,(KPPN.182-Jakarta VII ),,,,,,,,,,,_(* 0_),_(* 0_),,,,,,,,,,
,,,  - ,Kesehatan Siswa [15 Org x 12 Bln x 1 LOK],,180,OH,500000,90000000,,,,,_(* 90000000_),_(* 90000000_),,,,,,,,,,
,,,  - ,Perawatan Diri [25 Org x 12 Bln x 2 Rom],,600,OH,40000,24000000,,,,,_(* 24000000_),_(* 24000000_),,,,,,,,,,
,G,,Perlengkapan Operasional Sekolah,,,,,,41836000,0,,0,,_(* 41836000_),_(* 41836000_),,,,,,,,,,
,521811,,Belanja Barang Persediaan Barang Konsumsi,,,,,,41836000,0,,0,,_(* 41836000_),_(* 41836000_),,,,,,,,,,
,,,(KPPN.182-Jakarta VII ),,,,,,,,,,,_(* 0_),_(* 0_),,,,,,,,,,
,,,  - ,Obat obatan ringan [1 ls x 12 Bln x 1 lok],,12,SET,2500000,30000000,,,,,_(* 30000000_),_(* 30000000_),,,,,,,,,,
,,,  - ,Alat Kebersihan Asrama,,1,PKT,11836000,11836000,,,,,_(* 11836000_),_(* 11836000_),,,,,,,,,,
,H,,Kebutuhan Asrama,,,,,,6760000,0,,0,,_(* 6760000_),_(* 6760000_),,,,,,,,,,
,521252,,Belanja Peralatan dan Mesin - Ekstrakomptabel,,,,,,5600000,0,,0,,_(* 5600000_),_(* 5600000_),,,,,,,,,,
,,,(KPPN.182-Jakarta VII ),,,,,,,,,,,_(* 0_),_(* 0_),,,,,,,,,,
,,,  - ,Rak Sepatu [2 Set x 1 Smt x 1 Lok],,2,SET,350000,700000,,,,,_(* 700000_),_(* 700000_),,,,,,,,,,
,,,  - ,Setrika [2 Set x 1 Smt x 1 Lok],,2,SET,225000,450000,,,,,_(* 450000_),_(* 450000_),,,,,,,,,,
,,,  - ,Jemuran Pakaian (di dalam ruangan) [2 Set x 1 SMT x 1 Lok],,2,SET,450000,900000,,,,,_(* 900000_),_(* 900000_),,,,,,,,,,
,,,  - ,Jam Dinding [2 Set x 1 SMT x 1 Lok],,2,SET,250000,500000,,,,,_(* 500000_),_(* 500000_),,,,,,,,,,
,,,  - ,Tempat Sampah [2 Set x 1 Smt x 1 Lok],,2,SET,100000,200000,,,,,_(* 200000_),_(* 200000_),,,,,,,,,,
,,,  - ,Dispenser Air [2 Set x 1 SMT x 1 Lok],,2,SET,725000,1450000,,,,,_(* 1450000_),_(* 1450000_),,,,,,,,,,
,,,  - ,Jemuran Pakaian (di Luar ruangan) [2 Set x 1 Smt x 1 Lok],,2,SET,700000,1400000,,,,,_(* 1400000_),_(* 1400000_),,,,,,,,,,
,521811,,Belanja Barang Persediaan Barang Konsumsi,,,,,,1160000,0,,0,,_(* 1160000_),_(* 1160000_),,,,,,,,,,
,,,(KPPN.182-Jakarta VII ),,,,,,,,,,,_(* 0_),_(* 0_),,,,,,,,,,
,,,  - ,Gantungan Baju [10 Set x 1 Smt x 1 Lok],,10,SET,50000,500000,,,,,_(* 500000_),_(* 500000_),,,,,,,,,,
,,,  - ,Sapu dan Pengki [2 Set x 1 Smt x 1 Lok],,2,SET,100000,200000,,,,,_(* 200000_),_(* 200000_),,,,,,,,,,
,,,  - ,Kain Pel [2 Set x 1 Smt x 1 Lok],,2,SET,200000,400000,,,,,_(* 400000_),_(* 400000_),,,,,,,,,,
,,,  - ,Keset Lantai [2 Set x 1 Smt x 1 Lok],,2,SET,30000,60000,,,,,_(* 60000_),_(* 60000_),,,,,,,,,,
,I,,Pengasramaan Siswa,,,,,,410750000,0,,12408000,,_(* 410750000_),_(* 398342000_),,,,,,,,,,
,521811,,Belanja Barang Persediaan Barang Konsumsi,,,,,,410750000,0,,12408000,,_(* 410750000_),_(* 398342000_),,,,,,,,,,
,,,(KPPN.182-Jakarta VII ),,,,,,,,,,,_(* 0_),_(* 0_),,,,,,,,,,
,,,  - ,Bantal [25 Org x 2 BH x 2 rom],,100,SET,110000,11000000,,,,,_(* 11000000_),_(* 11000000_),,,,,,,,,,
,,,  - ,Guling [25 Org x 2 BH x 2 rom],,100,SET,120000,12000000,,,,,_(* 12000000_),_(* 12000000_),,,,,,,,,,
,,,  - ,Handuk [25 Org x 2 BH x 2 rom],,100,SET,150000,15000000,,,,,_(* 15000000_),_(* 15000000_),,,,,,,,,,
,,,  - ,Selimut [25 Org x 2 BH x 2 rom],,100,SET,100000,10000000,,,,,_(* 10000000_),_(* 10000000_),,,,,,,,,,
,,,  - ,Pengasramaan Siswa Lainnya [25 Org x 2 BH x 2 rom],,100,SET,350000,35000000,,,,,_(* 35000000_),_(* 35000000_),,,,,,,,,,
,,,  - ,Peralatan Ibadah [25 Org x 1 SET x 2 rom],,50,SET,175000,8750000,,,,,_(* 8750000_),_(* 8750000_),,,,,,,,,,
,,,  - ,Pakaian Dalam [25 Org x 7 SET x 2 rom],,350,SET,150000,52500000,,,,,_(* 52500000_),_(* 52500000_),,,,,,,,,,
,,,  - ,Pakaian Santai/Seragam [25 Org x 7 SET x 2 rom],,350,SET,200000,70000000,,,,,_(* 70000000_),_(* 70000000_),,,,,,,,,,
,,,  - ,Keperluan Kebersihan Diri [25 Org x 1 SET x 2 rom x 12 BLN,,600,SET,250000,150000000,,,11891000,,_(* 150000000_),_(* 138109000_),,,,,,,,,,
,,,  - ,Keperluan Wanita [15 Org x 1 SET x 2 rom x 12 BLN,,360,SET,100000,36000000,,,517000,,_(* 36000000_),_(* 35483000_),,,,,,,,,,
,,,  - ,Jilbab Santai [15 Org x 7 BH x 2 rom],,210,SET,50000,10500000,,,,,_(* 10500000_),_(* 10500000_),,,,,,,,,,
,J,,Pengasramaan Guru dan Tenaga Pendidik,,,,,,190740000,0,,0,,_(* 190740000_),_(* 190740000_),,,,,,,,,,
,521811,,Belanja Barang Persediaan Barang Konsumsi,,,,,,190740000,0,,0,,_(* 190740000_),_(* 190740000_),,,,,,,,,,
,,,(KPPN.182-Jakarta VII ),,,,,,,,,,,_(* 0_),_(* 0_),,,,,,,,,,
,,,  - ,Bantal [44 Org x 2 Bh x 1 lok],,88,Psg,110000,9680000,,,,,_(* 9680000_),_(* 9680000_),,,,,,,,,,
,,,  - ,Guling [44 Org x 2 Bh x 1 lok],,88,Psg,120000,10560000,,,,,_(* 10560000_),_(* 10560000_),,,,,,,,,,
,,,  - ,Seprei SIngle Katun [44 Org x 2 Bh x 1 lok],,88,Psg,350000,30800000,,,,,_(* 30800000_),_(* 30800000_),,,,,,,,,,
,,,  - ,Peralatan Ibadah [44 Org x 1 Set x 1 lok],,44,Psg,175000,7700000,,,,,_(* 7700000_),_(* 7700000_),,,,,,,,,,
,,,  - ,Perlengkapan Asrama Guru dan Tenaga Kependidikan [44 Org x 1 Set x 1 lok x 12 bln,,528,Psg,250000,132000000,,,,,_(* 132000000_),_(* 132000000_),,,,,,,,,,
,K,,Peralatan Makan Siswa,,,,,,20020000,0,,0,,_(* 20020000_),_(* 20020000_),,,,,,,,,,
,521811,,Belanja Barang Persediaan Barang Konsumsi,,,,,,20020000,0,,0,,_(* 20020000_),_(* 20020000_),,,,,,,,,,
,,,(KPPN.182-Jakarta VII ),,,,,,,,,,,_(* 0_),_(* 0_),,,,,,,,,,
,,,  - ,Food Tray [25 Org x 3 Set x 2 rom],,150,SET,75000,11250000,,,,,_(* 11250000_),_(* 11250000_),,,,,,,,,,
,,,  - ,Termos [2 Bh x 1 Lok],,2,SET,360000,720000,,,,,_(* 720000_),_(* 720000_),,,,,,,,,,
,,,  - ,"Peralatan Makan (Piring, Sendok) [25 org x 1 SET x 2 rom]",,50,SET,93000,4650000,,,,,_(* 4650000_),_(* 4650000_),,,,,,,,,,
,,,  - ,Gelas [25 Bh x 1 SET x 2 rom],,50,SET,53000,2650000,,,,,_(* 2650000_),_(* 2650000_),,,,,,,,,,
,,,  - ,Sendok Garpu [25 org x 1 SET x 2 rom],,50,SET,15000,750000,,,,,_(* 750000_),_(* 750000_),,,,,,,,,,
,L,,Perlengkapan Sekolah,,,,,,145500000,0,,0,,_(* 145500000_),_(* 145500000_),,,,,,,,,,
,521811,,Belanja Barang Persediaan Barang Konsumsi,,,,,,145500000,0,,0,,_(* 145500000_),_(* 145500000_),,,,,,,,,,
,,,(KPPN.182-Jakarta VII ),,,,,,,,,,,_(* 0_),_(* 0_),,,,,,,,,,
,,,  - ,Buku Paket Siswa (buku pelajaran) [25 Org x 1 thn x 1 Set x 2 rom,,50,SET,2000000,100000000,,,,,_(* 100000000_),_(* 100000000_),,,,,,,,,,
,,,  - ,"Peralatan Sekolah (atk, buku tulis) [25 Org x 1 Thn x 1 Set x 2 Rom",,50,SET,750000,37500000,,,,,_(* 37500000_),_(* 37500000_),,,,,,,,,,
,,,  - ,Buku saku guru dan tendik (buku penunjang sekolah rakyat) [4 PKT x 1 Lok],,4,SET,2000000,8000000,,,,,_(* 8000000_),_(* 8000000_),,,,,,,,,,
,M,,Dukungan Penyelenggaraan Operasional Sekolah Rakyat,,,,,,219800000,0,,13260000,,_(* 219800000_),_(* 206540000_),,,,,,,,,,
,524111,,Belanja Perjalanan Dinas Biasa,,,,,,195800000,0,,0,,_(* 195800000_),_(* 195800000_),,,,,,,,,,
,,,(KPPN.182-Jakarta VII ),,,,,,,,,,,_(* 0_),_(* 0_),,,,,,,,,,
,,,  - ,Uang Harian Petugas [5 Org x 5 KEG x 3 KL x 1 Lok,,75,OK,430000,32250000,,,,,_(* 32250000_),_(* 32250000_),,,,,,,,,,
,,,  - ,Uang Penginapan Petugas [5 Org x 5 KEG x 2 HR x 1 Lok,,50,OK,783500,39175000,,,,,_(* 39175000_),_(* 39175000_),,,,,,,,,,
,,,  - ,Transport Petugas [5 Org x 5 KEG x 1 Kl x 1 Lok,,25,OK,875000,21875000,,,,,_(* 21875000_),_(* 21875000_),,,,,,,,,,
,,,  - ,Biaya Penginapan Siswa [25 Org x 1 KEG x 2 Kl x 2 Lok,,100,OK,500000,50000000,,,,,_(* 50000000_),_(* 50000000_),,,,,,,,,,
,,,  - ,Transport Pemulangan Libur Jeda Semester dsn Hari Besar Keagamaan [25 Org x 1 KEG x 3 Kl x 2 Lok,,150,OK,350000,52500000,,,,,_(* 52500000_),_(* 52500000_),,,,,,,,,,
,524113,,Belanja Perjalanan Dinas Dalam Kota,,,,,,24000000,0,,13260000,,_(* 24000000_),_(* 10740000_),,,,,,,,,,
,,,(KPPN.182-Jakarta VII ),,,,,,,,,,,_(* 0_),_(* 0_),,,,,,,,,,
,,,  - ,Transport Peserta [20 Org x 4 KEG x 2 KL x 1 Lok,,160,OK,150000,24000000,,,13260000,,_(* 24000000_),_(* 10740000_),,cc 5 122 jt,,,,,,,,
,409,,Sekolah Rakyat 1C Terintegrasi 09 Kabupaten Malang,,,,,,2060121000,39475500,,75503736,,_(* 2020645500_),_(* 1984617264_),,,,,,,,,,
,A,,Kegiatan Belajar Mengajar,,,,,,90140000,0,,16360448,,_(* 90140000_),_(* 73779552_),,,,,,,,,,
,521211,,Belanja Bahan,,,,,,82140000,0,,16360448,,_(* 82140000_),_(* 65779552_),,,,,,,,,,
,,,(KPPN.182-Jakarta VII ),,,,,,,,,,,_(* 0_),_(* 0_),,,,,,,,,,
,,,  - ,ATK Kelas [1 PKT x 12 BLN x 1 ROM],,12,OK,500000,6000000,,,2933000,,_(* 6000000_),_(* 3067000_),,,,,,,,,,
,,,  - ,Buku Pegangan Guru [1 PKT x 2 SMT x 1 LOK],,2,OK,2000000,4000000,,,,,_(* 4000000_),_(* 4000000_),,,,,,,,,,
,,,  - ,Buku Penunjang Kegiatan Belajar Mengajar [5 PKT x 2 SMT x 1 LOK],,10,OK,500000,5000000,,,,,_(* 5000000_),_(* 5000000_),,,,,,,,,,
,,,  - ,Penggandaan Soal [25 ORG x 4 KEG x 1 ROM],,100,OK,25000,2500000,,,42000,,_(* 2500000_),_(* 2458000_),,,,,,,,,,
,,,  - ,Konsumsi Rapat Eksternal [40 ORG x 4 KEG x 2 HR x 1 LOK,,320,OK,53000,16960000,,,8278000,,_(* 16960000_),_(* 8682000_),,,,,,,,,,
,,,  - ,Snack Rapat Eksternal [40 ORG x 4 KEG x 2 HR x 1 LOK,,320,OK,24000,7680000,,,,,_(* 7680000_),_(* 7680000_),,,,,,,,,,
,,,  - ,Media Pembelajaran dan Laporan Perkembangan SIswa [25 ORG x 2 PKT x 1 ROM],,50,OK,800000,40000000,,,5107448,,_(* 40000000_),_(* 34892552_),,,,,,,,,,
,522151,,Belanja Jasa Profesi,,,,,,8000000,0,,0,,_(* 8000000_),_(* 8000000_),,,,,,,,,,
,,,(KPPN.182-Jakarta VII ),,,,,,,,,,,_(* 0_),_(* 0_),,,,,,,,,,
,,,  - ,Honor Instruktur [4 ORG x 2 Jam x 1 ROM],,8,OK,500000,4000000,,,,,_(* 4000000_),_(* 4000000_),,,,,,,,,,
,,,  - ,Honor Narasumber [4 ORG x 2 Jam],,8,OK,500000,4000000,,,,,_(* 4000000_),_(* 4000000_),,,,,,,,,,
,B,,Praktikum Komunitas,,,,,,13750000,0,,0,,_(* 13750000_),_(* 13750000_),,,,,,,,,,
,521211,,Belanja Bahan,,,,,,3750000,0,,0,,_(* 3750000_),_(* 3750000_),,,,,,,,,,
,,,(KPPN.182-Jakarta VII ),,,,,,,,,,,_(* 0_),_(* 0_),,,,,,,,,,
,,,  - ,Snack dan Konsumsi Peserta [25 ORG x 2 keg x 1 Rom],,50,OK,53000,2650000,,,,,_(* 2650000_),_(* 2650000_),,,,,,,,,,
,,,  - ,Dokumentasi Pelaporan [1 KEG x 2 LOK],,2,OK,250000,500000,,,,,_(* 500000_),_(* 500000_),,,,,,,,,,
,,,  - ,Spanduk [1 KEG x 2 LOK],,2,OK,300000,600000,,,,,_(* 600000_),_(* 600000_),,,,,,,,,,
,521213,,Belanja Honor Output Kegiatan,,,,,,2000000,0,,0,,_(* 2000000_),_(* 2000000_),,,,,,,,,,
,,,(KPPN.182-Jakarta VII ),,,,,,,,,,,_(* 0_),_(* 0_),,,,,,,,,,
,,,  - ,Honor Pemandu Prakikum [2 ORG x 2 KEG],,4,OK,500000,2000000,,,,,_(* 2000000_),_(* 2000000_),,,,,,,,,,
,522141,,Belanja Sewa,,,,,,8000000,0,,0,,_(* 8000000_),_(* 8000000_),,,,,,,,,,
,,,(KPPN.182-Jakarta VII ),,,,,,,,,,,_(* 0_),_(* 0_),,,,,,,,,,
,,,  - ,Sewa Bus [1 UNIT x 2 keg x 1 ROm],,2,OK,4000000,8000000,,,,,_(* 8000000_),_(* 8000000_),,,,,,,,,,
,C,,Kegiatan Krida,,,,,,30400000,0,,0,,_(* 30400000_),_(* 30400000_),,,,,,,,,,
,521211,,Belanja Bahan,,,,,,20400000,0,,0,,_(* 20400000_),_(* 20400000_),,,,,,,,,,
,,,(KPPN.182-Jakarta VII ),,,,,,,,,,,_(* 0_),_(* 0_),,,,,,,,,,
,,,  - ,Konsumsi dan Snack Siswa [25 Org x 2 keg x 1 Rom],,50,OK,53000,2650000,,,,,_(* 2650000_),_(* 2650000_),,,,,,,,,,
,,,  - ,Sarana Pendukung Keagamaan [5 keg x 1 lo],,5,OK,500000,2500000,,,,,_(* 2500000_),_(* 2500000_),,,,,,,,,,
,,,  - ,Dokumentasi dan Pelaporan [1 KEG x 1 LOK],,1,KEG,250000,250000,,,,,_(* 250000_),_(* 250000_),,,,,,,,,,
,,,  - ,Media Pembelajaran [25 ORG x 2 KEG x 1 ROM],,50,OK,300000,15000000,,,,,_(* 15000000_),_(* 15000000_),,,,,,,,,,
,522141,,Belanja Sewa,,,,,,8000000,0,,0,,_(* 8000000_),_(* 8000000_),,,,,,,,,,
,,,(KPPN.182-Jakarta VII ),,,,,,,,,,,_(* 0_),_(* 0_),,,,,,,,,,
,,,  - ,Sewa Bus [1 unt x 2 keg x 1 Rom],,2,OK,4000000,8000000,,,,,_(* 8000000_),_(* 8000000_),,,,,,,,,,
,522151,,Belanja Jasa Profesi,,,,,,2000000,0,,0,,_(* 2000000_),_(* 2000000_),,,,,,,,,,
,,,(KPPN.182-Jakarta VII ),,,,,,,,,,,_(* 0_),_(* 0_),,,,,,,,,,
,,,  - ,Honor Instruktur [2 ORG x 2 keg x 1 LOK],,4,OK,500000,2000000,,,,,_(* 2000000_),_(* 2000000_),,,,,,,,,,
,D,,Karya Ilmiah dan Latihan Olah Bakat dan Minat,,,,,,186900000,0,,2543000,,_(* 186900000_),_(* 184357000_),,,,,,,,,,
,521211,,Belanja Bahan,,,,,,15900000,0,,0,,_(* 15900000_),_(* 15900000_),,,,,,,,,,
,,,(KPPN.182-Jakarta VII ),,,,,,,,,,,_(* 0_),_(* 0_),,,,,,,,,,
,,,  - ,Snack dan Konsumsi Siswa [25 ORG x 4 KL x 3 hr x 1 Rom,,300,OK,53000,15900000,,,,,_(* 15900000_),_(* 15900000_),,,,,,,,,,
,521219,,Belanja Barang Non Operasional Lainnya,,,,,,105000000,0,,0,,_(* 105000000_),_(* 105000000_),,,,,,,,,,
,,,(KPPN.182-Jakarta VII ),,,,,,,,,,,_(* 0_),_(* 0_),,,,,,,,,,
,,,  - ,Pengembangan Kompetensi Siswa dan Kegiatan Sekolah,,1,PAKET,95000000,95000000,,,,,_(* 95000000_),_(* 95000000_),,,,,,,,,,
,,,  - ,Biaya Masuk Lokasi Study [25 Org x 2 Bln x 1 Rom],,50,OK,200000,10000000,,,,,_(* 10000000_),_(* 10000000_),,,,,,,,,,
,521811,,Belanja Barang Persediaan Barang Konsumsi,,,,,,10000000,0,,2543000,,_(* 10000000_),_(* 7457000_),,,,,,,,,,
,,,(KPPN.182-Jakarta VII ),,,,,,,,,,,_(* 0_),_(* 0_),,,,,,,,,,
,,,  - ,Media Ekstrakulikuler Lainnya [20 Pcs x 1 Pkt x 1 Lok],,20,OK,500000,10000000,,,2543000,,_(* 10000000_),_(* 7457000_),,,,,,,,,,
,522141,,Belanja Sewa,,,,,,8000000,0,,0,,_(* 8000000_),_(* 8000000_),,,,,,,,,,
,,,(KPPN.182-Jakarta VII ),,,,,,,,,,,_(* 0_),_(* 0_),,,,,,,,,,
,,,  - ,Sewa Bus [1 unt x 2 keg x 1 Rom],,2,OK,4000000,8000000,,,,,_(* 8000000_),_(* 8000000_),,,,,,,,,,
,522151,,Belanja Jasa Profesi,,,,,,48000000,0,,0,,_(* 48000000_),_(* 48000000_),,,,,,,,,,
,,,(KPPN.182-Jakarta VII ),,,,,,,,,,,_(* 0_),_(* 0_),,,,,,,,,,
,,,  - ,Honor Pembimbing Olahraga/Olah Minat [4 ORG x 2 KL x 12 BLN x 1 LOK,,96,OK,500000,48000000,,,,,_(* 48000000_),_(* 48000000_),,,,,,,,,,
,E,,Koordinasi dan Konsultasi Sekolah Rakyat,,,,,,151200000,0,,0,,_(* 151200000_),_(* 151200000_),,,,,,,,,,
,524111,,Belanja Perjalanan Dinas Biasa,,,,,,142700000,0,,0,,_(* 142700000_),_(* 142700000_),,,,,,,,,,
,,,(KPPN.182-Jakarta VII ),,,,,,,,,,,_(* 0_),_(* 0_),,,,,,,,,,
,,,  - ,transport petugas [5 Org x 2 KEG x 2 KL x 1 Lok,,20,OK,5000000,100000000,,,,,_(* 100000000_),_(* 100000000_),,,,,,,,,,
,,,  - ,uang penginapan petugas [5 Org x 2 KEG x 3 HR x 1 Lok,,30,OK,850000,25500000,,,,,_(* 25500000_),_(* 25500000_),,,,,,,,,,
,,,  - ,Uang Harian Petugas [5 Org x 2 KEG x 4 HR x 1 Lok,,40,OK,430000,17200000,,,,,_(* 17200000_),_(* 17200000_),,,,,,,,,,
,524113,,Belanja Perjalanan Dinas Dalam Kota,,,,,,8500000,0,,0,,_(* 8500000_),_(* 8500000_),,,,,,,,,,
,,,(KPPN.182-Jakarta VII ),,,,,,,,,,,_(* 0_),_(* 0_),,,,,,,,,,
,,,  - ,transport petugas [10 Org x 1 KEG x 5 KL x 1 Lok,,50,OK,170000,8500000,,,,,_(* 8500000_),_(* 8500000_),,,,,,,,,,
,F,,Permakanan dan Perawatan Siswa,,,,,,874500000,39475500,,48626000,,_(* 835024500_),_(* 825874000_),,,,,,,,,,
,521112,,Belanja Pengadaan Bahan Makanan,,,,,,772500000,39475500,,48596500,,_(* 733024500_),_(* 723903500_),,,,,,,,,,
,,,(KPPN.182-Jakarta VII ),,,,,,,,,,,_(* 0_),_(* 0_),,,,,,,,,,
,,,  - ,Makan Siswa [25 Org x 3 KL x 365 HR x 1 ROM,,27375,OH,15000,410625000,28353000,,34653000,,_(* 382272000_),_(* 375972000_),,,,,,,,,,
,,,  - ,Air Minum [25 BH x 12 BLN x 30 HR x 1 LOK,,9000,OH,25000,225000000,,,616000,,_(* 225000000_),_(* 224384000_),,,,,,,,,,
,,,  - ,Snack Siswa [25 Org x 2 KL x 365 HR x 1 ROM,,18250,OH,7500,136875000,11122500,,13327500,,_(* 125752500_),_(* 123547500_),,,,,,,,,,
,521219,,Belanja Barang Non Operasional Lainnya,,,,,,102000000,0,,29500,,_(* 102000000_),_(* 101970500_),,,,,,,,,,
,,,(KPPN.182-Jakarta VII ),,,,,,,,,,,_(* 0_),_(* 0_),,,,,,,,,,
,,,  - ,Kesehatan Siswa [15 Org x 12 Bln x 1 LOK],,180,OH,500000,90000000,,,29500,,_(* 90000000_),_(* 89970500_),,,,,,,,,,
,,,  - ,Perawatan Diri [25 Org x 12 Bln x 1 Rom],,300,OH,40000,12000000,,,,,_(* 12000000_),_(* 12000000_),,,,,,,,,,
,G,,Perlengkapan Operasional Sekolah,,,,,,40936000,0,,0,,_(* 40936000_),_(* 40936000_),,,,,,,,,,
,521811,,Belanja Barang Persediaan Barang Konsumsi,,,,,,40936000,0,,0,,_(* 40936000_),_(* 40936000_),,,,,,,,,,
,,,(KPPN.182-Jakarta VII ),,,,,,,,,,,_(* 0_),_(* 0_),,,,,,,,,,
,,,  - ,Obat obatan ringan [1 ls x 12 Bln x 1 lok],,12,SET,2500000,30000000,,,,,_(* 30000000_),_(* 30000000_),,,,,,,,,,
,,,  - ,Alat Kebersihan Asrama,,1,PKT,10936000,10936000,,,,,_(* 10936000_),_(* 10936000_),,,,,,,,,,
,H,,Kebutuhan Asrama,,,,,,6760000,0,,0,,_(* 6760000_),_(* 6760000_),,,,,,,,,,
,521252,,Belanja Peralatan dan Mesin - Ekstrakomptabel,,,,,,5600000,0,,0,,_(* 5600000_),_(* 5600000_),,,,,,,,,,
,,,(KPPN.182-Jakarta VII ),,,,,,,,,,,_(* 0_),_(* 0_),,,,,,,,,,
,,,  - ,Rak Sepatu [2 Set x 1 Smt x 1 Lok],,2,SET,350000,700000,,,,,_(* 700000_),_(* 700000_),,,,,,,,,,
,,,  - ,Setrika [2 Set x 1 Smt x 1 Lok],,2,SET,225000,450000,,,,,_(* 450000_),_(* 450000_),,,,,,,,,,
,,,  - ,Jemuran Pakaian (di dalam ruangan) [2 Set x 1 SMT x 1 Lok],,2,SET,450000,900000,,,,,_(* 900000_),_(* 900000_),,,,,,,,,,
,,,  - ,Jam Dinding [2 Set x 1 SMT x 1 Lok],,2,SET,250000,500000,,,,,_(* 500000_),_(* 500000_),,,,,,,,,,
,,,  - ,Tempat Sampah [2 Set x 1 Smt x 1 Lok],,2,SET,100000,200000,,,,,_(* 200000_),_(* 200000_),,,,,,,,,,
,,,  - ,Dispenser Air [2 Set x 1 SMT x 1 Lok],,2,SET,725000,1450000,,,,,_(* 1450000_),_(* 1450000_),,,,,,,,,,
,,,  - ,Jemuran Pakaian (di Luar ruangan) [2 Set x 1 Smt x 1 Lok],,2,SET,700000,1400000,,,,,_(* 1400000_),_(* 1400000_),,,,,,,,,,
,521811,,Belanja Barang Persediaan Barang Konsumsi,,,,,,1160000,0,,0,,_(* 1160000_),_(* 1160000_),,,,,,,,,,
,,,(KPPN.182-Jakarta VII ),,,,,,,,,,,_(* 0_),_(* 0_),,,,,,,,,,
,,,  - ,Gantungan Baju [10 Set x 1 Smt x 1 Lok],,10,SET,50000,500000,,,,,_(* 500000_),_(* 500000_),,,,,,,,,,
,,,  - ,Sapu dan Pengki [2 Set x 1 Smt x 1 Lok],,2,SET,100000,200000,,,,,_(* 200000_),_(* 200000_),,,,,,,,,,
,,,  - ,Kain Pel [2 Set x 1 Smt x 1 Lok],,2,SET,200000,400000,,,,,_(* 400000_),_(* 400000_),,,,,,,,,,
,,,  - ,Keset Lantai [2 Set x 1 Smt x 1 Lok],,2,SET,30000,60000,,,,,_(* 60000_),_(* 60000_),,,,,,,,,,
,I,,Pengasramaan Siswa,,,,,,205375000,0,,7760288,,_(* 205375000_),_(* 197614712_),,,,,,,,,,
,521811,,Belanja Barang Persediaan Barang Konsumsi,,,,,,205375000,0,,7760288,,_(* 205375000_),_(* 197614712_),,,,,,,,,,
,,,(KPPN.182-Jakarta VII ),,,,,,,,,,,_(* 0_),_(* 0_),,,,,,,,,,
,,,  - ,Bantal [25 Org x 2 BH x 1 rom],,50,SET,110000,5500000,,,,,_(* 5500000_),_(* 5500000_),,,,,,,,,,
,,,  - ,Guling [25 Org x 2 BH x 1 rom],,50,SET,120000,6000000,,,,,_(* 6000000_),_(* 6000000_),,,,,,,,,,
,,,  - ,Handuk [25 Org x 2 BH x 1 rom],,50,SET,150000,7500000,,,,,_(* 7500000_),_(* 7500000_),,,,,,,,,,
,,,  - ,Selimut [25 Org x 2 BH x 1 rom],,50,SET,100000,5000000,,,,,_(* 5000000_),_(* 5000000_),,,,,,,,,,
,,,  - ,Pengasramaan Siswa Lainnya [25 Org x 2 BH x 1 rom],,50,SET,350000,17500000,,,,,_(* 17500000_),_(* 17500000_),,,,,,,,,,
,,,  - ,Peralatan Ibadah [25 Org x 1 SET x 1 rom],,25,SET,175000,4375000,,,,,_(* 4375000_),_(* 4375000_),,,,,,,,,,
,,,  - ,Pakaian Dalam [25 Org x 7 SET x 1 rom],,175,SET,150000,26250000,,,,,_(* 26250000_),_(* 26250000_),,,,,,,,,,
,,,  - ,Pakaian Santai/Seragam [25 Org x 7 SET x 1 rom],,175,SET,200000,35000000,,,,,_(* 35000000_),_(* 35000000_),,,,,,,,,,
,,,  - ,Keperluan Kebersihan Diri [25 Org x 1 SET x 1 rom x 12 BLN,,300,SET,250000,75000000,,,7424238,,_(* 75000000_),_(* 67575762_),,,,,,,,,,
,,,  - ,Keperluan Wanita [15 Org x 1 SET x 1 rom x 12 BLN,,180,SET,100000,18000000,,,336050,,_(* 18000000_),_(* 17663950_),,,,,,,,,,
,,,  - ,Jilbab Santai [15 Org x 7 BH x 1 rom],,105,SET,50000,5250000,,,,,_(* 5250000_),_(* 5250000_),,,,,,,,,,
,J,,Pengasramaan Guru dan Tenaga Pendidik,,,,,,190740000,0,,0,,_(* 190740000_),_(* 190740000_),,,,,,,,,,
,521811,,Belanja Barang Persediaan Barang Konsumsi,,,,,,190740000,0,,0,,_(* 190740000_),_(* 190740000_),,,,,,,,,,
,,,(KPPN.182-Jakarta VII ),,,,,,,,,,,_(* 0_),_(* 0_),,,,,,,,,,
,,,  - ,Bantal [44 Org x 2 Bh x 1 lok],,88,Psg,110000,9680000,,,,,_(* 9680000_),_(* 9680000_),,,,,,,,,,
,,,  - ,Guling [44 Org x 2 Bh x 1 lok],,88,Psg,120000,10560000,,,,,_(* 10560000_),_(* 10560000_),,,,,,,,,,
,,,  - ,Seprei SIngle Katun [44 Org x 2 Bh x 1 lok],,88,Psg,350000,30800000,,,,,_(* 30800000_),_(* 30800000_),,,,,,,,,,
,,,  - ,Peralatan Ibadah [44 Org x 1 Set x 1 lok],,44,Psg,175000,7700000,,,,,_(* 7700000_),_(* 7700000_),,,,,,,,,,
,,,  - ,Perlengkapan Asrama Guru dan tenaga pendidik [44 Org x 1 Set x 1 lok x 12 bln,,528,Psg,250000,132000000,,,,,_(* 132000000_),_(* 132000000_),,,,,,,,,,
,K,,Peralatan Makan Siswa,,,,,,10370000,0,,214000,,_(* 10370000_),_(* 10156000_),,,,,,,,,,
,521811,,Belanja Barang Persediaan Barang Konsumsi,,,,,,10370000,0,,214000,,_(* 10370000_),_(* 10156000_),,,,,,,,,,
,,,(KPPN.182-Jakarta VII ),,,,,,,,,,,_(* 0_),_(* 0_),,,,,,,,,,
,,,  - ,Food Tray [25 Org x 3 Set x 1 rom],,75,SET,75000,5625000,,,,,_(* 5625000_),_(* 5625000_),,,,,,,,,,
,,,  - ,Termos [2 Bh x 1 Lok],,2,SET,360000,720000,,,,,_(* 720000_),_(* 720000_),,,,,,,,,,
,,,  - ,"Peralatan Makan (Piring, Sendok) [25 org x 1 SET x 1 rom]",,25,SET,93000,2325000,,,214000,,_(* 2325000_),_(* 2111000_),,,,,,,,,,
,,,  - ,Gelas [25 Bh x 1 SET x 1 rom],,25,SET,53000,1325000,,,,,_(* 1325000_),_(* 1325000_),,,,,,,,,,
,,,  - ,Sendok Garpu [25 org x 1 SET x 1 rom],,25,SET,15000,375000,,,,,_(* 375000_),_(* 375000_),,,,,,,,,,
,L,,Perlengkapan Sekolah,,,,,,76750000,0,,0,,_(* 76750000_),_(* 76750000_),,,,,,,,,,
,521811,,Belanja Barang Persediaan Barang Konsumsi,,,,,,76750000,0,,0,,_(* 76750000_),_(* 76750000_),,,,,,,,,,
,,,(KPPN.182-Jakarta VII ),,,,,,,,,,,_(* 0_),_(* 0_),,,,,,,,,,
,,,  - ,Buku Paket Siswa (buku pelajaran) [25 Org x 1 thn x 1 Set x 1 rom,,25,SET,2000000,50000000,,,,,_(* 50000000_),_(* 50000000_),,,,,,,,,,
,,,  - ,"Peralatan Sekolah (atk, buku tulis) [25 Org x 1 Thn x 1 Set x 1 Rom",,25,SET,750000,18750000,,,,,_(* 18750000_),_(* 18750000_),,,,,,,,,,
,,,  - ,Buku saku guru dan tendik (buku penunjang sekolah rakyat) [4 PKT x 1 Lok],,4,SET,2000000,8000000,,,,,_(* 8000000_),_(* 8000000_),,,,,,,,,,
,M,,Dukungan Penyelenggaraan Operasional Sekolah Rakyat,,,,,,182300000,0,,0,,_(* 182300000_),_(* 182300000_),,,,,,,,,,
,524111,,Belanja Perjalanan Dinas Biasa,,,,,,158300000,0,,0,,_(* 158300000_),_(* 158300000_),,,,,,,,,,
,,,(KPPN.182-Jakarta VII ),,,,,,,,,,,_(* 0_),_(* 0_),,,,,,,,,,
,,,  - ,Uang Harian Petugas [5 Org x 5 KEG x 3 KL x 1 Lok,,75,OK,430000,32250000,,,,,_(* 32250000_),_(* 32250000_),,,,,,,,,,
,,,  - ,Uang Penginapan Petugas [5 Org x 5 KEG x 2 HR x 1 Lok,,50,OK,891000,44550000,,,,,_(* 44550000_),_(* 44550000_),,,,,,,,,,
,,,  - ,Transport Petugas [5 Org x 5 KEG x 1 Kl x 1 Lok,,25,OK,910000,22750000,,,,,_(* 22750000_),_(* 22750000_),,,,,,,,,,
,,,  - ,Biaya Penginapan Siswa [25 Org x 1 KEG x 2 Kl x 1 Lok,,50,OK,500000,25000000,,,,,_(* 25000000_),_(* 25000000_),,,,,,,,,,
,,,  - ,Transport Pemulangan Libur Jeda Semester dsn Hari Besar Keagamaan [25 Org x 1 KEG x 3 Kl x 1 Lok,,75,OK,450000,33750000,,,,,_(* 33750000_),_(* 33750000_),,,,,,,,,,
,524113,,Belanja Perjalanan Dinas Dalam Kota,,,,,,24000000,0,,0,,_(* 24000000_),_(* 24000000_),,,,,,,,,,
,,,(KPPN.182-Jakarta VII ),,,,,,,,,,,_(* 0_),_(* 0_),,,,,,,,,,
,,,  - ,Transport Peserta [20 Org x 4 KEG x 2 KL x 1 Lok,,160,OK,150000,24000000,,,,,_(* 24000000_),_(* 24000000_),,,,,,,,,,
,425,,Sekolah Rakyat 1C Terintegrasi 25 Kabupaten Sumenep,,,,,,3064496000,40651000,,56500261,,_(* 3023845000_),_(* 3007995739_),,,,,,,,,,
,A,,Kegiatan Belajar Mengajar,,,,,,142640000,0,,13496750,,_(* 142640000_),_(* 129143250_),,,,,,,,,,
,521211,,Belanja Bahan,,,,,,130640000,0,,7996750,,_(* 130640000_),_(* 122643250_),,,,,,,,,,
,,,(KPPN.182-Jakarta VII ),,,,,,,,,,,_(* 0_),_(* 0_),,,,,,,,,,
,,,  - ,ATK Kelas [1 PKT x 12 BLN x 2 ROM],,24,OK,500000,12000000,,,418000,,_(* 12000000_),_(* 11582000_),,,,,,,,,,
,,,  - ,Buku Pegangan Guru [1 PKT x 2 SMT x 1 LOK],,2,OK,2000000,4000000,,,2093500,,_(* 4000000_),_(* 1906500_),,,,,,,,,,
,,,  - ,Buku Penunjang Kegiatan Belajar Mengajar [5 PKT x 2 SMT x 1 LOK],,10,OK,500000,5000000,,,0,,_(* 5000000_),_(* 5000000_),,,,,,,,,,
,,,  - ,Penggandaan Soal [25 ORG x 4 KEG x 2 ROM],,200,OK,25000,5000000,,,0,,_(* 5000000_),_(* 5000000_),,,,,,,,,,
,,,  - ,Konsumsi Rapat Eksternal [40 ORG x 4 KEG x 2 HR x 1 LOK,,320,OK,53000,16960000,,,2160000,,_(* 16960000_),_(* 14800000_),,,,,,,,,,
,,,  - ,Snack Rapat Eksternal [40 ORG x 4 KEG x 2 HR x 1 LOK,,320,OK,24000,7680000,,,0,,_(* 7680000_),_(* 7680000_),,,,,,,,,,
,,,  - ,Media Pembelajaran dan Laporan Perkembangan Siswa [25 ORG x 2 PKT x 2 ROM],,100,OK,800000,80000000,,,3325250,,_(* 80000000_),_(* 76674750_),,,,,,,,,,
,522151,,Belanja Jasa Profesi,,,,,,12000000,0,,5500000,,_(* 12000000_),_(* 6500000_),,,,,,,,,,
,,,(KPPN.182-Jakarta VII ),,,,,,,,,,,_(* 0_),_(* 0_),,,,,,,,,,
,,,  - ,Honor Instruktur [4 ORG x 2 Jam x 2 ROM],,16,OK,500000,8000000,,,3500000,,_(* 8000000_),_(* 4500000_),,,,,,,,,,
,,,  - ,Honor Narasumber [4 ORG x 2 Jam],,8,OK,500000,4000000,,,2000000,,_(* 4000000_),_(* 2000000_),,,,,,,,,,
,B,,Praktikum Komunitas,,,,,,24400000,0,,0,,_(* 24400000_),_(* 24400000_),,,,,,,,,,
,521211,,Belanja Bahan,,,,,,6400000,0,,0,,_(* 6400000_),_(* 6400000_),,,,,,,,,,
,,,(KPPN.182-Jakarta VII ),,,,,,,,,,,_(* 0_),_(* 0_),,,,,,,,,,
,,,  - ,Snack dan Konsumsi Siswa [25 ORG x 2 keg x 2 Rom],,100,OK,53000,5300000,,,,,_(* 5300000_),_(* 5300000_),,,,,,,,,,
,,,  - ,Dokumentasi Pelaporan [1 KEG x 2 LOK],,2,OK,250000,500000,,,,,_(* 500000_),_(* 500000_),,,,,,,,,,
,,,  - ,Spanduk [1 KEG x 2 LOK],,2,OK,300000,600000,,,,,_(* 600000_),_(* 600000_),,,,,,,,,,
,521213,,Belanja Honor Output Kegiatan,,,,,,2000000,0,,0,,_(* 2000000_),_(* 2000000_),,,,,,,,,,
,,,(KPPN.182-Jakarta VII ),,,,,,,,,,,_(* 0_),_(* 0_),,,,,,,,,,
,,,  - ,Honor Pemandu Praktikum [2 ORG x 2 KEG],,4,OK,500000,2000000,,,,,_(* 2000000_),_(* 2000000_),,,,,,,,,,
,522141,,Belanja Sewa,,,,,,16000000,0,,0,,_(* 16000000_),_(* 16000000_),,,,,,,,,,
,,,(KPPN.182-Jakarta VII ),,,,,,,,,,,_(* 0_),_(* 0_),,,,,,,,,,
,,,  - ,Sewa Bus [1 UNIT x 2 keg x 2 ROm],,4,OK,4000000,16000000,,,,,_(* 16000000_),_(* 16000000_),,,,,,,,,,
,C,,Kegiatan Krida,,,,,,56050000,0,,1500000,,_(* 56050000_),_(* 54550000_),,,,,,,,,,
,521211,,Belanja Bahan,,,,,,38050000,0,,0,,_(* 38050000_),_(* 38050000_),,,,,,,,,,
,,,(KPPN.182-Jakarta VII ),,,,,,,,,,,_(* 0_),_(* 0_),,,,,,,,,,
,,,  - ,Konsumsi dan Snack Siswa [25 Org x 2 keg x 2 Rom],,100,OK,53000,5300000,,,,,_(* 5300000_),_(* 5300000_),,,,,,,,,,
,,,  - ,Sarana Pendukung Keagamaan [5 keg x 1 lo],,5,OK,500000,2500000,,,,,_(* 2500000_),_(* 2500000_),,,,,,,,,,
,,,  - ,Dokumentasi dan Pelaporan [1 KEG x 1 LOK],,1,KEG,250000,250000,,,,,_(* 250000_),_(* 250000_),,,,,,,,,,
,,,  - ,Media Pembelajaran [25 ORG x 2 KEG x 2 ROM],,100,OK,300000,30000000,,,,,_(* 30000000_),_(* 30000000_),,,,,,,,,,
,522141,,Belanja Sewa,,,,,,16000000,0,,0,,_(* 16000000_),_(* 16000000_),,,,,,,,,,
,,,(KPPN.182-Jakarta VII ),,,,,,,,,,,_(* 0_),_(* 0_),,,,,,,,,,
,,,  - ,Sewa Bus [1 unt x 2 keg x 2 Rom],,4,OK,4000000,16000000,,,,,_(* 16000000_),_(* 16000000_),,,,,,,,,,
,522151,,Belanja Jasa Profesi,,,,,,2000000,0,,1500000,,_(* 2000000_),_(* 500000_),,,,,,,,,,
,,,(KPPN.182-Jakarta VII ),,,,,,,,,,,_(* 0_),_(* 0_),,,,,,,,,,
,,,  - ,Honor Instruktur [2 ORG x 2 keg x 1 LOK],,4,OK,500000,2000000,,,1500000,,_(* 2000000_),_(* 500000_),,,,,,,,,,
,D,,Karya Ilmiah dan Latihan Olah Bakat dan Minat,,,,,,220800000,0,,20450000,,_(* 220800000_),_(* 200350000_),,,,,,,,,,
,521211,,Belanja Bahan,,,,,,31800000,0,,0,,_(* 31800000_),_(* 31800000_),,,,,,,,,,
,,,(KPPN.182-Jakarta VII ),,,,,,,,,,,_(* 0_),_(* 0_),,,,,,,,,,
,,,  - ,Snack dan Konsumsi Siswa [25 ORG x 4 KL x 3 hr x 2 Rom,,600,OK,53000,31800000,,,,,_(* 31800000_),_(* 31800000_),,,,,,,,,,
,521219,,Belanja Barang Non Operasional Lainnya,,,,,,115000000,0,,20450000,,_(* 115000000_),_(* 94550000_),,,,,,,,,,
,,,(KPPN.182-Jakarta VII ),,,,,,,,,,,_(* 0_),_(* 0_),,,,,,,,,,
,,,  - ,Biaya Keikutsertaan Club,,1,PAKET,95000000,95000000,,,20450000,,_(* 95000000_),_(* 74550000_),,,,,,,,,,
,,,  - ,Biaya Masuk Lokasi Study [25 Org x 2 Bln x 2 Rom],,100,OK,200000,20000000,,,,,_(* 20000000_),_(* 20000000_),,,,,,,,,,
,521811,,Belanja Barang Persediaan Barang Konsumsi,,,,,,10000000,0,,0,,_(* 10000000_),_(* 10000000_),,,,,,,,,,
,,,(KPPN.182-Jakarta VII ),,,,,,,,,,,_(* 0_),_(* 0_),,,,,,,,,,
,,,  - ,Media Ekstrakulikuler Lainnya [20 Pcs x 1 Pkt x 1 Lok],,20,OK,500000,10000000,,,,,_(* 10000000_),_(* 10000000_),,,,,,,,,,
,522141,,Belanja Sewa,,,,,,16000000,0,,0,,_(* 16000000_),_(* 16000000_),,,,,,,,,,
,,,(KPPN.182-Jakarta VII ),,,,,,,,,,,_(* 0_),_(* 0_),,,,,,,,,,
,,,  - ,Sewa Bus [1 unt x 2 keg x 2 Rom],,4,OK,4000000,16000000,,,,,_(* 16000000_),_(* 16000000_),,,,,,,,,,
,522151,,Belanja Jasa Profesi,,,,,,48000000,0,,0,,_(* 48000000_),_(* 48000000_),,,,,,,,,,
,,,(KPPN.182-Jakarta VII ),,,,,,,,,,,_(* 0_),_(* 0_),,,,,,,,,,
,,,  - ,Honor Pembimbing Olahraga/Olah Minat [4 ORG x 2 KL x 12 BLN x 1 LOK,,96,OK,500000,48000000,,,,,_(* 48000000_),_(* 48000000_),,,,,,,,,,
,E,,Koordinasi dan Konsultasi Sekolah Rakyat,,,,,,151200000,0,,0,,_(* 151200000_),_(* 151200000_),,,,,,,,,,
,524111,,Belanja Perjalanan Dinas Biasa,,,,,,142700000,0,,0,,_(* 142700000_),_(* 142700000_),,,,,,,,,,
,,,(KPPN.182-Jakarta VII ),,,,,,,,,,,_(* 0_),_(* 0_),,,,,,,,,,
,,,  - ,transport petugas [5 Org x 2 KEG x 2 KL x 1 Lok,,20,OK,5000000,100000000,,,,,_(* 100000000_),_(* 100000000_),,,,,,,,,,
,,,  - ,uang penginapan petugas [5 Org x 2 KEG x 3 HR x 1 Lok,,30,OK,850000,25500000,,,,,_(* 25500000_),_(* 25500000_),,,,,,,,,,
,,,  - ,Uang Harian Petugas [5 Org x 2 KEG x 4 HR x 1 Lok,,40,OK,430000,17200000,,,,,_(* 17200000_),_(* 17200000_),,,,,,,,,,
,524113,,Belanja Perjalanan Dinas Dalam Kota,,,,,,8500000,0,,0,,_(* 8500000_),_(* 8500000_),,,,,,,,,,
,,,(KPPN.182-Jakarta VII ),,,,,,,,,,,_(* 0_),_(* 0_),,,,,,,,,,
,,,  - ,transport petugas [10 Org x 1 KEG x 5 KL x 1 Lok,,50,OK,170000,8500000,,,,,_(* 8500000_),_(* 8500000_),,,,,,,,,,
,F,,Permakanan dan Perawatan Siswa,,,,,,1434000000,40651000,,1102500,,_(* 1393349000_),_(* 1432897500_),,,,,,,,,,
,521112,,Belanja Pengadaan Bahan Makanan,,,,,,1320000000,40651000,,1102500,,_(* 1279349000_),_(* 1318897500_),,,,,,,,,,
,,,(KPPN.182-Jakarta VII ),,,,,,,,,,,_(* 0_),_(* 0_),,,,,,,,,,
,,,  - ,Makan Siswa [25 Org x 3 KL x 365 HR x 2 ROM,,54750,OH,15000,821250000,40651000,,,,_(* 780599000_),_(* 821250000_),,,,,,,,,,
,,,  - ,Air Minum [25 BH x 12 BLN x 30 HR x 1 LOK,,9000,OH,25000,225000000,,,1102500,,_(* 225000000_),_(* 223897500_),,,,,,,,,,
,,,  - ,Snack Siswa [25 Org x 2 KL x 365 HR x 2 ROM,,36500,OH,7500,273750000,,,,,_(* 273750000_),_(* 273750000_),,,,,,,,,,
,521219,,Belanja Barang Non Operasional Lainnya,,,,,,114000000,0,,0,,_(* 114000000_),_(* 114000000_),,,,,,,,,,
,,,(KPPN.182-Jakarta VII ),,,,,,,,,,,_(* 0_),_(* 0_),,,,,,,,,,
,,,  - ,Kesehatan Siswa [15 Org x 12 Bln x 1 LOK],,180,OH,500000,90000000,,,,,_(* 90000000_),_(* 90000000_),,,,,,,,,,
,,,  - ,Perawatan Diri [25 Org x 12 Bln x 2 Rom],,600,OH,40000,24000000,,,,,_(* 24000000_),_(* 24000000_),,,,,,,,,,
,G,,Perlengkapan Operasional Sekolah,,,,,,41836000,0,,2448921,,_(* 41836000_),_(* 39387079_),,,,,,,,,,
,521811,,Belanja Barang Persediaan Barang Konsumsi,,,,,,41836000,0,,2448921,,_(* 41836000_),_(* 39387079_),,,,,,,,,,
,,,(KPPN.182-Jakarta VII ),,,,,,,,,,,_(* 0_),_(* 0_),,,,,,,,,,
,,,  - ,Obat obatan ringan [1 ls x 12 Bln x 1 lok],,12,SET,2500000,30000000,,,2448921,,_(* 30000000_),_(* 27551079_),,,,,,,,,,
,,,  - ,Alat Kebersihan Asrama,,1,PKT,11836000,11836000,,,,,_(* 11836000_),_(* 11836000_),,,,,,,,,,
,H,,Kebutuhan Asrama,,,,,,6760000,0,,0,,_(* 6760000_),_(* 6760000_),,,,,,,,,,
,521252,,Belanja Peralatan dan Mesin - Ekstrakomptabel,,,,,,5600000,0,,0,,_(* 5600000_),_(* 5600000_),,,,,,,,,,
,,,(KPPN.182-Jakarta VII ),,,,,,,,,,,_(* 0_),_(* 0_),,,,,,,,,,
,,,  - ,Rak Sepatu [2 Set x 1 Smt x 1 Lok],,2,SET,350000,700000,,,,,_(* 700000_),_(* 700000_),,,,,,,,,,
,,,  - ,Setrika [2 Set x 1 Smt x 1 Lok],,2,SET,225000,450000,,,,,_(* 450000_),_(* 450000_),,,,,,,,,,
,,,  - ,Jemuran Pakaian (di dalam ruangan) [2 Set x 1 SMT x 1 Lok],,2,SET,450000,900000,,,,,_(* 900000_),_(* 900000_),,,,,,,,,,
,,,  - ,Jam Dinding [2 Set x 1 SMT x 1 Lok],,2,SET,250000,500000,,,,,_(* 500000_),_(* 500000_),,,,,,,,,,
,,,  - ,Tempat Sampah [2 Set x 1 Smt x 1 Lok],,2,SET,100000,200000,,,,,_(* 200000_),_(* 200000_),,,,,,,,,,
,,,  - ,Dispenser Air [2 Set x 1 SMT x 1 Lok],,2,SET,725000,1450000,,,,,_(* 1450000_),_(* 1450000_),,,,,,,,,,
,,,  - ,Jemuran Pakaian (di Luar ruangan) [2 Set x 1 Smt x 1 Lok],,2,SET,700000,1400000,,,,,_(* 1400000_),_(* 1400000_),,,,,,,,,,
,521811,,Belanja Barang Persediaan Barang Konsumsi,,,,,,1160000,0,,0,,_(* 1160000_),_(* 1160000_),,,,,,,,,,
,,,(KPPN.182-Jakarta VII ),,,,,,,,,,,_(* 0_),_(* 0_),,,,,,,,,,
,,,  - ,Gantungan Baju [10 Set x 1 Smt x 1 Lok],,10,SET,50000,500000,,,,,_(* 500000_),_(* 500000_),,,,,,,,,,
,,,  - ,Sapu dan Pengki [2 Set x 1 Smt x 1 Lok],,2,SET,100000,200000,,,,,_(* 200000_),_(* 200000_),,,,,,,,,,
,,,  - ,Kain Pel [2 Set x 1 Smt x 1 Lok],,2,SET,200000,400000,,,,,_(* 400000_),_(* 400000_),,,,,,,,,,
,,,  - ,Keset Lantai [2 Set x 1 Smt x 1 Lok],,2,SET,30000,60000,,,,,_(* 60000_),_(* 60000_),,,,,,,,,,
,I,,Pengasramaan Siswa,,,,,,410750000,0,,16002090,,_(* 410750000_),_(* 394747910_),,,,,,,,,,
,521811,,Belanja Barang Persediaan Barang Konsumsi,,,,,,410750000,0,,16002090,,_(* 410750000_),_(* 394747910_),,,,,,,,,,
,,,(KPPN.182-Jakarta VII ),,,,,,,,,,,_(* 0_),_(* 0_),,,,,,,,,,
,,,  - ,Bantal [25 Org x 2 BH x 2 rom],,100,SET,110000,11000000,,,,,_(* 11000000_),_(* 11000000_),,,,,,,,,,
,,,  - ,Guling [25 Org x 2 BH x 2 rom],,100,SET,120000,12000000,,,,,_(* 12000000_),_(* 12000000_),,,,,,,,,,
,,,  - ,Handuk [25 Org x 2 BH x 2 rom],,100,SET,150000,15000000,,,,,_(* 15000000_),_(* 15000000_),,,,,,,,,,
,,,  - ,Selimut [25 Org x 2 BH x 2 rom],,100,SET,100000,10000000,,,,,_(* 10000000_),_(* 10000000_),,,,,,,,,,
,,,  - ,Pengasramaan Siswa Lainnya [25 Org x 2 BH x 2 rom],,100,SET,350000,35000000,,,,,_(* 35000000_),_(* 35000000_),,,,,,,,,,
,,,  - ,Peralatan Ibadah [25 Org x 1 SET x 2 rom],,50,SET,175000,8750000,,,,,_(* 8750000_),_(* 8750000_),,,,,,,,,,
,,,  - ,Pakaian Dalam [25 Org x 7 SET x 2 rom],,350,SET,150000,52500000,,,,,_(* 52500000_),_(* 52500000_),,,,,,,,,,
,,,  - ,Pakaian Santai/Seragam [25 Org x 7 SET x 2 rom],,350,SET,200000,70000000,,,,,_(* 70000000_),_(* 70000000_),,,,,,,,,,
,,,  - ,Keperluan Kebersihan Diri [25 Org x 1 SET x 2 rom x 12 BLN,,600,SET,250000,150000000,,,16002090,,_(* 150000000_),_(* 133997910_),,,,,,,,,,
,,,  - ,Keperluan Wanita [15 Org x 1 SET x 2 rom x 12 BLN,,360,SET,100000,36000000,,,,,_(* 36000000_),_(* 36000000_),,,,,,,,,,
,,,  - ,Jilbab Santai [15 Org x 7 BH x 2 rom],,210,SET,50000,10500000,,,,,_(* 10500000_),_(* 10500000_),,,,,,,,,,
,J,,Pengasramaan Guru dan Tenaga Pendidik,,,,,,190740000,0,,0,,_(* 190740000_),_(* 190740000_),,,,,,,,,,
,521811,,Belanja Barang Persediaan Barang Konsumsi,,,,,,190740000,0,,0,,_(* 190740000_),_(* 190740000_),,,,,,,,,,
,,,(KPPN.182-Jakarta VII ),,,,,,,,,,,_(* 0_),_(* 0_),,,,,,,,,,
,,,  - ,Bantal [44 Org x 2 Bh x 1 lok],,88,Psg,110000,9680000,,,,,_(* 9680000_),_(* 9680000_),,,,,,,,,,
,,,  - ,Guling [44 Org x 2 Bh x 1 lok],,88,Psg,120000,10560000,,,,,_(* 10560000_),_(* 10560000_),,,,,,,,,,
,,,  - ,Seprei SIngle Katun [44 Org x 2 Bh x 1 lok],,88,Psg,350000,30800000,,,,,_(* 30800000_),_(* 30800000_),,,,,,,,,,
,,,  - ,Peralatan Ibadah [44 Org x 1 Set x 1 lok],,44,Psg,175000,7700000,,,,,_(* 7700000_),_(* 7700000_),,,,,,,,,,
,,,  - ,Perleengkapan Asrama Guru dan Tenaga Pendidik [44 Org x 1 Set x 1 lok x 12 bln,,528,Psg,250000,132000000,,,,,_(* 132000000_),_(* 132000000_),,,,,,,,,,
,K,,Peralatan Makan Siswa,,,,,,20020000,0,,0,,_(* 20020000_),_(* 20020000_),,,,,,,,,,
,521811,,Belanja Barang Persediaan Barang Konsumsi,,,,,,20020000,0,,0,,_(* 20020000_),_(* 20020000_),,,,,,,,,,
,,,(KPPN.182-Jakarta VII ),,,,,,,,,,,_(* 0_),_(* 0_),,,,,,,,,,
,,,  - ,Food Tray [25 Org x 3 Set x 2 rom],,150,SET,75000,11250000,,,,,_(* 11250000_),_(* 11250000_),,,,,,,,,,
,,,  - ,Termos [2 Bh x 1 Lok],,2,SET,360000,720000,,,,,_(* 720000_),_(* 720000_),,,,,,,,,,
,,,  - ,"Peralatan Makan (Piring, Sendok) [25 org x 1 SET x 2 rom]",,50,SET,93000,4650000,,,,,_(* 4650000_),_(* 4650000_),,,,,,,,,,
,,,  - ,Gelas [25 Bh x 1 SET x 2 rom],,50,SET,53000,2650000,,,,,_(* 2650000_),_(* 2650000_),,,,,,,,,,
,,,  - ,Sendok Garpu [25 org x 1 SET x 2 rom],,50,SET,15000,750000,,,,,_(* 750000_),_(* 750000_),,,,,,,,,,
,L,,Perlengkapan Sekolah,,,,,,145500000,0,,0,,_(* 145500000_),_(* 145500000_),,,,,,,,,,
,521811,,Belanja Barang Persediaan Barang Konsumsi,,,,,,145500000,0,,0,,_(* 145500000_),_(* 145500000_),,,,,,,,,,
,,,(KPPN.182-Jakarta VII ),,,,,,,,,,,_(* 0_),_(* 0_),,,,,,,,,,
,,,  - ,Buku Paket Siswa (buku pelajaran) [25 Org x 1 thn x 1 Set x 2 rom,,50,SET,2000000,100000000,,,,,_(* 100000000_),_(* 100000000_),,,,,,,,,,
,,,  - ,"Peralatan Sekolah (atk, buku tulis) [25 Org x 1 Thn x 1 Set x 2 Rom",,50,SET,750000,37500000,,,,,_(* 37500000_),_(* 37500000_),,,,,,,,,,
,,,  - ,Buku saku guru dan tendik (buku penunjang sekolah rakyat) [4 PKT x 1 Lok],,4,SET,2000000,8000000,,,,,_(* 8000000_),_(* 8000000_),,,,,,,,,,
,M,,Dukungan Penyelenggaraan Operasional Sekolah Rakyat,,,,,,219800000,0,,1500000,,_(* 219800000_),_(* 218300000_),,,,,,,,,,
,524111,,Belanja Perjalanan Dinas Biasa,,,,,,195800000,0,,820000,,_(* 195800000_),_(* 194980000_),,,,,,,,,,
,,,(KPPN.182-Jakarta VII ),,,,,,,,,,,_(* 0_),_(* 0_),,,,,,,,,,
,,,  - ,Uang Harian Petugas [5 Org x 5 KEG x 3 KL x 1 Lok,,75,OK,430000,32250000,,,,,_(* 32250000_),_(* 32250000_),,,,,,,,,,
,,,  - ,Uang Penginapan Petugas [5 Org x 5 KEG x 2 HR x 1 Lok,,50,OK,783500,39175000,,,820000,,_(* 39175000_),_(* 38355000_),,,,,,,,,,
,,,  - ,Transport Petugas [5 Org x 5 KEG x 1 Kl x 1 Lok,,25,OK,875000,21875000,,,,,_(* 21875000_),_(* 21875000_),,,,,,,,,,
,,,  - ,Biaya Penginapan Siswa [25 Org x 1 KEG x 2 Kl x 2 Lok,,100,OK,500000,50000000,,,,,_(* 50000000_),_(* 50000000_),,,,,,,,,,
,,,  - ,Transport Pemulangan Libur Jeda Semester dsn Hari Besar Keagamaan [25 Org x 1 KEG x 3 Kl x 2 Lok,,150,OK,350000,52500000,,,,,_(* 52500000_),_(* 52500000_),,,,,,,,,,
,524113,,Belanja Perjalanan Dinas Dalam Kota,,,,,,24000000,0,,680000,,_(* 24000000_),_(* 23320000_),,,,,,,,,,
,,,(KPPN.182-Jakarta VII ),,,,,,,,,,,_(* 0_),_(* 0_),,,,,,,,,,
,,,  - ,Transport Peserta [20 Org x 4 KEG x 2 KL x 1 Lok,,160,OK,150000,24000000,,,680000,,_(* 24000000_),_(* 23320000_),,,,,,,,,,
,426,,Sekolah Rakyat 1C Terintegrasi 26 Kabupaten Trenggalek,,,,,,3064496000,147431000,,281790116,,_(* 2917065000_),_(* 2782705884_),,,,,,,,,,
,A,,Kegiatan Belajar Mengajar,,,,,,142640000,0,,13172500,,_(* 142640000_),_(* 129467500_),,,,,,,,,,
,521211,,Belanja Bahan,,,,,,130640000,0,,12272500,,_(* 130640000_),_(* 118367500_),,,,,,,,,,
,,,(KPPN.182-Jakarta VII ),,,,,,,,,,,_(* 0_),_(* 0_),,,,,,,,,,
,,,  - ,ATK Kelas [1 PKT x 12 BLN x 2 ROM],,24,OK,500000,12000000,,,,,_(* 12000000_),_(* 12000000_),,,,,,,,,,
,,,  - ,Buku Pegangan Guru [1 PKT x 2 SMT x 1 LOK],,2,OK,2000000,4000000,,,,,_(* 4000000_),_(* 4000000_),,,,,,,,,,
,,,  - ,Buku Penunjang Kegiatan Belajar Mengajar [5 PKT x 2 SMT x 1 LOK],,10,OK,500000,5000000,,,,,_(* 5000000_),_(* 5000000_),,,,,,,,,,
,,,  - ,Penggandaan Soal [25 ORG x 4 KEG x 2 ROM],,200,OK,25000,5000000,,,,,_(* 5000000_),_(* 5000000_),,,,,,,,,,
,,,  - ,Konsumsi Rapat Eksternal [40 ORG x 4 KEG x 2 HR x 1 LOK,,320,OK,53000,16960000,,,3478000,,_(* 16960000_),_(* 13482000_),,,,,,,,,,
,,,  - ,Snack Rapat Eksternal [40 ORG x 4 KEG x 2 HR x 1 LOK,,320,OK,24000,7680000,,,3115000,,_(* 7680000_),_(* 4565000_),,,,,,,,,,
,,,  - ,Media Pembelajaran dan Laporan Perkembangan Siswa [25 ORG x 2 PKT x 2 ROM],,100,OK,800000,80000000,,,5679500,,_(* 80000000_),_(* 74320500_),,,,,,,,,,
,522151,,Belanja Jasa Profesi,,,,,,12000000,0,,900000,,_(* 12000000_),_(* 11100000_),,,,,,,,,,
,,,(KPPN.182-Jakarta VII ),,,,,,,,,,,_(* 0_),_(* 0_),,,,,,,,,,
,,,  - ,Honor Instruktur [4 ORG x 2 Jam x 2 ROM],,16,OK,500000,8000000,,,900000,,_(* 8000000_),_(* 7100000_),,,,,,,,,,
,,,  - ,Honor Narasumber [4 ORG x 2 Jam],,8,OK,500000,4000000,,,,,_(* 4000000_),_(* 4000000_),,,,,,,,,,
,B,,Praktikum Komunitas,,,,,,24400000,0,,15450000,,_(* 24400000_),_(* 8950000_),,,,,,,,,,
,521211,,Belanja Bahan,,,,,,6400000,0,,3250000,,_(* 6400000_),_(* 3150000_),,,,,,,,,,
,,,(KPPN.182-Jakarta VII ),,,,,,,,,,,_(* 0_),_(* 0_),,,,,,,,,,
,,,  - ,Snack dan Konsumsi Siswa [25 ORG x 2 keg x 2 Rom],,100,OK,53000,5300000,,,3250000,,_(* 5300000_),_(* 2050000_),,,,,,,,,,
,,,  - ,Dokumentasi Pelaporan [1 KEG x 2 LOK],,2,OK,250000,500000,,,,,_(* 500000_),_(* 500000_),,,,,,,,,,
,,,  - ,Spanduk [1 KEG x 2 LOK],,2,OK,300000,600000,,,,,_(* 600000_),_(* 600000_),,,,,,,,,,
,521213,,Belanja Honor Output Kegiatan,,,,,,2000000,0,,2000000,,_(* 2000000_),_(* 0_),,,,,,,,,,
,,,(KPPN.182-Jakarta VII ),,,,,,,,,,,_(* 0_),_(* 0_),,,,,,,,,,
,,,  - ,Honor Pemandu Praktikum [2 ORG x 2 KEG],,4,OK,500000,2000000,,,2000000,,_(* 2000000_),_(* 0_),,,,,,,,,,
,522141,,Belanja Sewa,,,,,,16000000,0,,10200000,,_(* 16000000_),_(* 5800000_),,,,,,,,,,
,,,(KPPN.182-Jakarta VII ),,,,,,,,,,,_(* 0_),_(* 0_),,,,,,,,,,
,,,  - ,Sewa Bus [1 UNIT x 2 keg x 2 ROm],,4,OK,4000000,16000000,,,10200000,,_(* 16000000_),_(* 5800000_),,,,,,,,,,
,C,,Kegiatan Krida,,,,,,56050000,0,,13550000,,_(* 56050000_),_(* 42500000_),,,,,,,,,,
,521211,,Belanja Bahan,,,,,,38050000,0,,6500000,,_(* 38050000_),_(* 31550000_),,,,,,,,,,
,,,(KPPN.182-Jakarta VII ),,,,,,,,,,,_(* 0_),_(* 0_),,,,,,,,,,
,,,  - ,Konsumsi dan Snack Siswa [25 Org x 2 keg x 2 Rom],,100,OK,53000,5300000,,,,,_(* 5300000_),_(* 5300000_),,,,,,,,,,
,,,  - ,Sarana Pendukung Keagamaan [5 keg x 1 lo],,5,OK,500000,2500000,,,,,_(* 2500000_),_(* 2500000_),,,,,,,,,,
,,,  - ,Dokumentasi dan Pelaporan [1 KEG x 1 LOK],,1,KEG,250000,250000,,,,,_(* 250000_),_(* 250000_),,,,,,,,,,
,,,  - ,Media Pembelajaran [25 ORG x 2 KEG x 2 ROM],,100,OK,300000,30000000,,,6500000,,_(* 30000000_),_(* 23500000_),,,,,,,,,,
,522141,,Belanja Sewa,,,,,,16000000,0,,7050000,,_(* 16000000_),_(* 8950000_),,,,,,,,,,
,,,(KPPN.182-Jakarta VII ),,,,,,,,,,,_(* 0_),_(* 0_),,,,,,,,,,
,,,  - ,Sewa Bus [1 unt x 2 keg x 2 Rom],,4,OK,4000000,16000000,,,7050000,,_(* 16000000_),_(* 8950000_),,,,,,,,,,
,522151,,Belanja Jasa Profesi,,,,,,2000000,0,,0,,_(* 2000000_),_(* 2000000_),,,,,,,,,,
,,,(KPPN.182-Jakarta VII ),,,,,,,,,,,_(* 0_),_(* 0_),,,,,,,,,,
,,,  - ,Honor Instruktur [2 ORG x 2 keg x 1 LOK],,4,OK,500000,2000000,,,,,_(* 2000000_),_(* 2000000_),,,,,,,,,,
,D,,Karya Ilmiah dan Latihan Olah Bakat dan Minat,,,,,,220800000,0,,25660000,,_(* 220800000_),_(* 195140000_),,,,,,,,,,
,521211,,Belanja Bahan,,,,,,31800000,0,,5750000,,_(* 31800000_),_(* 26050000_),,,,,,,,,,
,,,(KPPN.182-Jakarta VII ),,,,,,,,,,,_(* 0_),_(* 0_),,,,,,,,,,
,,,  - ,Snack dan Konsumsi Siswa [25 ORG x 4 KL x 3 hr x 2 Rom,,600,OK,53000,31800000,,,5750000,,_(* 31800000_),_(* 26050000_),,,,,,,,,,
,521219,,Belanja Barang Non Operasional Lainnya,,,,,,115000000,0,,16910000,,_(* 115000000_),_(* 98090000_),,,,,,,,,,
,,,(KPPN.182-Jakarta VII ),,,,,,,,,,,_(* 0_),_(* 0_),,,,,,,,,,
,,,  - ,Pengembangan dan Kompetensi siswa kegiatan sekolah,,1,PAKET,95000000,95000000,,,6360000,,_(* 95000000_),_(* 88640000_),,,,,,,,,,
,,,  - ,Biaya Masuk Lokasi Study [25 Org x 2 Bln x 2 Rom],,100,OK,200000,20000000,,,10550000,,_(* 20000000_),_(* 9450000_),,,,,,,,,,
,521811,,Belanja Barang Persediaan Barang Konsumsi,,,,,,10000000,0,,0,,_(* 10000000_),_(* 10000000_),,,,,,,,,,
,,,(KPPN.182-Jakarta VII ),,,,,,,,,,,_(* 0_),_(* 0_),,,,,,,,,,
,,,  - ,Media Ekstrakulikuler Lainnya [20 Pcs x 1 Pkt x 1 Lok],,20,OK,500000,10000000,,,,,_(* 10000000_),_(* 10000000_),,,,,,,,,,
,522141,,Belanja Sewa,,,,,,16000000,0,,0,,_(* 16000000_),_(* 16000000_),,,,,,,,,,
,,,(KPPN.182-Jakarta VII ),,,,,,,,,,,_(* 0_),_(* 0_),,,,,,,,,,
,,,  - ,Sewa Bus [1 unt x 2 keg x 2 Rom],,4,OK,4000000,16000000,,,,,_(* 16000000_),_(* 16000000_),,,,,,,,,,
,522151,,Belanja Jasa Profesi,,,,,,48000000,0,,3000000,,_(* 48000000_),_(* 45000000_),,,,,,,,,,
,,,(KPPN.182-Jakarta VII ),,,,,,,,,,,_(* 0_),_(* 0_),,,,,,,,,,
,,,  - ,Honor Pembimbing Olahraga/Olah Minat [4 ORG x 2 KL x 12 BLN x 1 LOK,,96,OK,500000,48000000,,,3000000,,_(* 48000000_),_(* 45000000_),,,,,,,,,,
,E,,Koordinasi dan Konsultasi Sekolah Rakyat,,,,,,151200000,89011000,,89011000,,_(* 62189000_),_(* 62189000_),,,,,,,,,,
,524111,,Belanja Perjalanan Dinas Biasa,,,,,,142700000,89011000,,89011000,,_(* 53689000_),_(* 53689000_),,,,,,,,,,
,,,(KPPN.182-Jakarta VII ),,,,,,,,,,,_(* 0_),_(* 0_),,,,,,,,,,
,,,  - ,transport petugas [5 Org x 2 KEG x 2 KL x 1 Lok,,20,OK,5000000,100000000,55711000,,55711000,,_(* 44289000_),_(* 44289000_),,,,,,,,,,
,,,  - ,uang penginapan petugas [5 Org x 2 KEG x 3 HR x 1 Lok,,30,OK,850000,25500000,20840000,,20840000,,_(* 4660000_),_(* 4660000_),,,,,,,,,,
,,,  - ,Uang Harian Petugas [5 Org x 2 KEG x 4 HR x 1 Lok,,40,OK,430000,17200000,12460000,,12460000,,_(* 4740000_),_(* 4740000_),,,,,,,,,,
,524113,,Belanja Perjalanan Dinas Dalam Kota,,,,,,8500000,0,,0,,_(* 8500000_),_(* 8500000_),,,,,,,,,,
,,,(KPPN.182-Jakarta VII ),,,,,,,,,,,_(* 0_),_(* 0_),,,,,,,,,,
,,,  - ,transport petugas [10 Org x 1 KEG x 5 KL x 1 Lok,,50,OK,170000,8500000,,,,,_(* 8500000_),_(* 8500000_),,,,,,,,,,
,F,,Permakanan dan Perawatan Siswa,,,,,,1434000000,58420000,,117540500,,_(* 1375580000_),_(* 1316459500_),,,,,,,,,,
,521112,,Belanja Pengadaan Bahan Makanan,,,,,,1320000000,58420000,,116990500,,_(* 1261580000_),_(* 1203009500_),,,,,,,,,,
,,,(KPPN.182-Jakarta VII ),,,,,,,,,,,_(* 0_),_(* 0_),,,,,,,,,,
,,,  - ,Makan Siswa [25 Org x 3 KL x 365 HR x 2 ROM,,54750,OH,15000,821250000,42970000,,82958000,,_(* 778280000_),_(* 738292000_),,,,,,,,,,
,,,  - ,Air Minum [25 BH x 12 BLN x 30 HR x 1 LOK,,9000,OH,25000,225000000,,,3200000,,_(* 225000000_),_(* 221800000_),,,,,,,,,,
,,,  - ,Snack Siswa [25 Org x 2 KL x 365 HR x 2 ROM,,36500,OH,7500,273750000,15450000,,30832500,,_(* 258300000_),_(* 242917500_),,,,,,,,,,
,521219,,Belanja Barang Non Operasional Lainnya,,,,,,114000000,0,,550000,,_(* 114000000_),_(* 113450000_),,,,,,,,,,
,,,(KPPN.182-Jakarta VII ),,,,,,,,,,,_(* 0_),_(* 0_),,,,,,,,,,
,,,  - ,Kesehatan Siswa [15 Org x 12 Bln x 1 LOK],,180,OH,500000,90000000,,,,,_(* 90000000_),_(* 90000000_),,,,,,,,,,
,,,  - ,Perawatan Diri [25 Org x 12 Bln x 2 Rom],,600,OH,40000,24000000,,,550000,,_(* 24000000_),_(* 23450000_),,,,,,,,,,
,G,,Perlengkapan Operasional Sekolah,,,,,,41836000,0,,772400,,_(* 41836000_),_(* 41063600_),,,,,,,,,,
,521811,,Belanja Barang Persediaan Barang Konsumsi,,,,,,41836000,0,,772400,,_(* 41836000_),_(* 41063600_),,,,,,,,,,
,,,(KPPN.182-Jakarta VII ),,,,,,,,,,,_(* 0_),_(* 0_),,,,,,,,,,
,,,  - ,Obat obatan ringan [1 ls x 12 Bln x 1 lok],,12,SET,2500000,30000000,,,,,_(* 30000000_),_(* 30000000_),,,,,,,,,,
,,,  - ,Alat Kebersihan Asrama,,1,PKT,11836000,11836000,,,772400,,_(* 11836000_),_(* 11063600_),,,,,,,,,,
,H,,Kebutuhan Asrama,,,,,,6760000,0,,1163716,,_(* 6760000_),_(* 5596284_),,,,,,,,,,
,521252,,Belanja Peralatan dan Mesin - Ekstrakomptabel,,,,,,5600000,0,,525716,,_(* 5600000_),_(* 5074284_),,,,,,,,,,
,,,(KPPN.182-Jakarta VII ),,,,,,,,,,,_(* 0_),_(* 0_),,,,,,,,,,
,,,  - ,Rak Sepatu [2 Set x 1 Smt x 1 Lok],,2,SET,350000,700000,,,,,_(* 700000_),_(* 700000_),,,,,,,,,,
,,,  - ,Setrika [2 Set x 1 Smt x 1 Lok],,2,SET,225000,450000,,,,,_(* 450000_),_(* 450000_),,,,,,,,,,
,,,  - ,Jemuran Pakaian (di dalam ruangan) [2 Set x 1 SMT x 1 Lok],,2,SET,450000,900000,,,,,_(* 900000_),_(* 900000_),,,,,,,,,,
,,,  - ,Jam Dinding [2 Set x 1 SMT x 1 Lok],,2,SET,250000,500000,,,,,_(* 500000_),_(* 500000_),,,,,,,,,,
,,,  - ,Tempat Sampah [2 Set x 1 Smt x 1 Lok],,2,SET,100000,200000,,,,,_(* 200000_),_(* 200000_),,,,,,,,,,
,,,  - ,Dispenser Air [2 Set x 1 SMT x 1 Lok],,2,SET,725000,1450000,,,,,_(* 1450000_),_(* 1450000_),,,,,,,,,,
,,,  - ,Jemuran Pakaian (di Luar ruangan) [2 Set x 1 Smt x 1 Lok],,2,SET,700000,1400000,,,,,_(* 1400000_),_(* 1400000_),,,,,,,,,,
,521811,,Belanja Barang Persediaan Barang Konsumsi,,,,,,1160000,0,,638000,,_(* 1160000_),_(* 522000_),,,,,,,,,,
,,,(KPPN.182-Jakarta VII ),,,,,,,,,,,_(* 0_),_(* 0_),,,,,,,,,,
,,,  - ,Gantungan Baju [10 Set x 1 Smt x 1 Lok],,10,SET,50000,500000,,,,,_(* 500000_),_(* 500000_),,,,,,,,,,
,,,  - ,Sapu dan Pengki [2 Set x 1 Smt x 1 Lok],,2,SET,100000,200000,,,,,_(* 200000_),_(* 200000_),,,,,,,,,,
,,,  - ,Kain Pel [2 Set x 1 Smt x 1 Lok],,2,SET,200000,400000,,,,,_(* 400000_),_(* 400000_),,,,,,,,,,
,,,  - ,Keset Lantai [2 Set x 1 Smt x 1 Lok],,2,SET,30000,60000,,,,,_(* 60000_),_(* 60000_),,,,,,,,,,
,I,,Pengasramaan Siswa,,,,,,410750000,0,,180000,,_(* 410750000_),_(* 410570000_),,,,,,,,,,
,521811,,Belanja Barang Persediaan Barang Konsumsi,,,,,,410750000,0,,180000,,_(* 410750000_),_(* 410570000_),,,,,,,,,,
,,,(KPPN.182-Jakarta VII ),,,,,,,,,,,_(* 0_),_(* 0_),,,,,,,,,,
,,,  - ,Bantal [25 Org x 2 BH x 2 rom],,100,SET,110000,11000000,,,90000,,_(* 11000000_),_(* 10910000_),,,,,,,,,,
,,,  - ,Guling [25 Org x 2 BH x 2 rom],,100,SET,120000,12000000,,,90000,,_(* 12000000_),_(* 11910000_),,,,,,,,,,
,,,  - ,Handuk [25 Org x 2 BH x 2 rom],,100,SET,150000,15000000,,,,,_(* 15000000_),_(* 15000000_),,,,,,,,,,
,,,  - ,Selimut [25 Org x 2 BH x 2 rom],,100,SET,100000,10000000,,,,,_(* 10000000_),_(* 10000000_),,,,,,,,,,
,,,  - ,Pengasramaan Siswa Lainnya [25 Org x 2 BH x 2 rom],,100,SET,350000,35000000,,,,,_(* 35000000_),_(* 35000000_),,,,,,,,,,
,,,  - ,Peralatan Ibadah [25 Org x 1 SET x 2 rom],,50,SET,175000,8750000,,,,,_(* 8750000_),_(* 8750000_),,,,,,,,,,
,,,  - ,Pakaian Dalam [25 Org x 7 SET x 2 rom],,350,SET,150000,52500000,,,,,_(* 52500000_),_(* 52500000_),,,,,,,,,,
,,,  - ,Pakaian Santai/Seragam [25 Org x 7 SET x 2 rom],,350,SET,200000,70000000,,,,,_(* 70000000_),_(* 70000000_),,,,,,,,,,
,,,  - ,Keperluan Kebersihan Diri [25 Org x 1 SET x 2 rom x 12 BLN,,600,SET,250000,150000000,,,,,_(* 150000000_),_(* 150000000_),,,,,,,,,,
,,,  - ,Keperluan Wanita [15 Org x 1 SET x 2 rom x 12 BLN,,360,SET,100000,36000000,,,,,_(* 36000000_),_(* 36000000_),,,,,,,,,,
,,,  - ,Jilbab Santai [15 Org x 7 BH x 2 rom],,210,SET,50000,10500000,,,,,_(* 10500000_),_(* 10500000_),,,,,,,,,,
,J,,Pengasramaan Guru dan Tenaga Pendidik,,,,,,190740000,0,,0,,_(* 190740000_),_(* 190740000_),,,,,,,,,,
,521811,,Belanja Barang Persediaan Barang Konsumsi,,,,,,190740000,0,,0,,_(* 190740000_),_(* 190740000_),,,,,,,,,,
,,,(KPPN.182-Jakarta VII ),,,,,,,,,,,_(* 0_),_(* 0_),,,,,,,,,,
,,,  - ,Bantal [44 Org x 2 Bh x 1 lok],,88,Psg,110000,9680000,,,,,_(* 9680000_),_(* 9680000_),,,,,,,,,,
,,,  - ,Guling [44 Org x 2 Bh x 1 lok],,88,Psg,120000,10560000,,,,,_(* 10560000_),_(* 10560000_),,,,,,,,,,
,,,  - ,Seprei SIngle Katun [44 Org x 2 Bh x 1 lok],,88,Psg,350000,30800000,,,,,_(* 30800000_),_(* 30800000_),,,,,,,,,,
,,,  - ,Peralatan Ibadah [44 Org x 1 Set x 1 lok],,44,Psg,175000,7700000,,,,,_(* 7700000_),_(* 7700000_),,,,,,,,,,
,,,  - ,Perlengkapan Asrama Guru dan Tenaga Pendidik [44 Org x 1 Set x 1 lok x 12 bln,,528,Psg,250000,132000000,,,,,_(* 132000000_),_(* 132000000_),,,,,,,,,,
,K,,Peralatan Makan Siswa,,,,,,20020000,0,,0,,_(* 20020000_),_(* 20020000_),,,,,,,,,,
,521811,,Belanja Barang Persediaan Barang Konsumsi,,,,,,20020000,0,,0,,_(* 20020000_),_(* 20020000_),,,,,,,,,,
,,,(KPPN.182-Jakarta VII ),,,,,,,,,,,_(* 0_),_(* 0_),,,,,,,,,,
,,,  - ,Food Tray [25 Org x 3 Set x 2 rom],,150,SET,75000,11250000,,,,,_(* 11250000_),_(* 11250000_),,,,,,,,,,
,,,  - ,Termos [2 Bh x 1 Lok],,2,SET,360000,720000,,,,,_(* 720000_),_(* 720000_),,,,,,,,,,
,,,  - ,"Peralatan Makan (Piring, Sendok) [25 org x 1 SET x 2 rom]",,50,SET,93000,4650000,,,,,_(* 4650000_),_(* 4650000_),,,,,,,,,,
,,,  - ,Gelas [25 Bh x 1 SET x 2 rom],,50,SET,53000,2650000,,,,,_(* 2650000_),_(* 2650000_),,,,,,,,,,
,,,  - ,Sendok Garpu [25 org x 1 SET x 2 rom],,50,SET,15000,750000,,,,,_(* 750000_),_(* 750000_),,,,,,,,,,
,L,,Perlengkapan Sekolah,,,,,,145500000,0,,0,,_(* 145500000_),_(* 145500000_),,,,,,,,,,
,521811,,Belanja Barang Persediaan Barang Konsumsi,,,,,,145500000,0,,0,,_(* 145500000_),_(* 145500000_),,,,,,,,,,
,,,(KPPN.182-Jakarta VII ),,,,,,,,,,,_(* 0_),_(* 0_),,,,,,,,,,
,,,  - ,Buku Paket Siswa (buku pelajaran) [25 Org x 1 thn x 1 Set x 2 rom,,50,SET,2000000,100000000,,,,,_(* 100000000_),_(* 100000000_),,,,,,,,,,
,,,  - ,"Peralatan Sekolah (atk, buku tulis) [25 Org x 1 Thn x 1 Set x 2 Rom",,50,SET,750000,37500000,,,,,_(* 37500000_),_(* 37500000_),,,,,,,,,,
,,,  - ,Buku saku guru dan tendik (buku penunjang sekolah rakyat) [4 PKT x 1 Lok],,4,SET,2000000,8000000,,,,,_(* 8000000_),_(* 8000000_),,,,,,,,,,
,M,,Dukungan Penyelenggaraan Operasional Sekolah Rakyat,,,,,,219800000,0,,5290000,,_(* 219800000_),_(* 214510000_),,,,,,,,,,
,524111,,Belanja Perjalanan Dinas Biasa,,,,,,195800000,0,,0,,_(* 195800000_),_(* 195800000_),,,,,,,,,,
,,,(KPPN.182-Jakarta VII ),,,,,,,,,,,_(* 0_),_(* 0_),,,,,,,,,,
,,,  - ,Uang Harian Petugas [5 Org x 5 KEG x 3 KL x 1 Lok,,75,OK,430000,32250000,,,,,_(* 32250000_),_(* 32250000_),,,,,,,,,,
,,,  - ,Uang Penginapan Petugas [5 Org x 5 KEG x 2 HR x 1 Lok,,50,OK,783500,39175000,,,,,_(* 39175000_),_(* 39175000_),,,,,,,,,,
,,,  - ,Transport Petugas [5 Org x 5 KEG x 1 Kl x 1 Lok,,25,OK,875000,21875000,,,,,_(* 21875000_),_(* 21875000_),,,,,,,,,,
,,,  - ,Biaya Penginapan Siswa [25 Org x 1 KEG x 2 Kl x 2 Lok,,100,OK,500000,50000000,,,,,_(* 50000000_),_(* 50000000_),,,,,,,,,,
,,,  - ,Transport Pemulangan Libur Jeda Semester dsn Hari Besar Keagamaan [25 Org x 1 KEG x 3 Kl x 2 Lok,,150,OK,350000,52500000,,,,,_(* 52500000_),_(* 52500000_),,,,,,,,,,
,524113,,Belanja Perjalanan Dinas Dalam Kota,,,,,,24000000,0,,5290000,,_(* 24000000_),_(* 18710000_),,,,,,,,,,
,,,(KPPN.182-Jakarta VII ),,,,,,,,,,,_(* 0_),_(* 0_),,,,,,,,,,
,,,  - ,Transport Peserta [20 Org x 4 KEG x 2 KL x 1 Lok,,160,OK,150000,24000000,,,5290000,,_(* 24000000_),_(* 18710000_),,,,,,,,,,
,427,,Sekolah Rakyat 1C Terintegrasi 27 Kab Bangkalan,,,,,,3064496000,86340000,,200051918,,_(* 2978156000_),_(* 2864444082_),,,,,,,,,,
,A,,Kegiatan Belajar Mengajar,,,,,,142640000,0,,1467750,,_(* 142640000_),_(* 141172250_),,,,,,,,,,
,521211,,Belanja Bahan,,,,,,130640000,0,,967750,,_(* 130640000_),_(* 129672250_),,,,,,,,,,
,,,(KPPN.182-Jakarta VII ),,,,,,,,,,,_(* 0_),_(* 0_),,,,,,,,,,
,,,  - ,ATK Kelas [1 PKT x 12 BLN x 2 ROM],,24,OK,500000,12000000,,,,,_(* 12000000_),_(* 12000000_),,,,,,,,,,
,,,  - ,Buku Pegangan Guru [1 PKT x 2 SMT x 1 LOK],,2,OK,2000000,4000000,,,,,_(* 4000000_),_(* 4000000_),,,,,,,,,,
,,,  - ,Buku Penunjang Kegiatan Belajar Mengajar [5 PKT x 2 SMT x 1 LOK],,10,OK,500000,5000000,,,,,_(* 5000000_),_(* 5000000_),,,,,,,,,,
,,,  - ,Penggandaan Soal [25 ORG x 4 KEG x 2 ROM],,200,OK,25000,5000000,,,895750,,_(* 5000000_),_(* 4104250_),,,,,,,,,,
,,,  - ,Konsumsi Rapat Eksternal [40 ORG x 4 KEG x 2 HR x 1 LOK,,320,OK,53000,16960000,,,,,_(* 16960000_),_(* 16960000_),,,,,,,,,,
,,,  - ,Snack Rapat Eksternal [40 ORG x 4 KEG x 2 HR x 1 LOK,,320,OK,24000,7680000,,,,,_(* 7680000_),_(* 7680000_),,,,,,,,,,
,,,  - ,Media Pembelajaran dan Laporan Perkembangan Siswa [25 ORG x 2 PKT x 2 ROM],,100,OK,800000,80000000,,,72000,,_(* 80000000_),_(* 79928000_),,,,,,,,,,
,522151,,Belanja Jasa Profesi,,,,,,12000000,0,,500000,,_(* 12000000_),_(* 11500000_),,,,,,,,,,
,,,(KPPN.182-Jakarta VII ),,,,,,,,,,,_(* 0_),_(* 0_),,,,,,,,,,
,,,  - ,Honor Instruktur [4 ORG x 2 Jam x 2 ROM],,16,OK,500000,8000000,,,500000,,_(* 8000000_),_(* 7500000_),,,,,,,,,,
,,,  - ,Honor Narasumber [4 ORG x 2 Jam],,8,OK,500000,4000000,,,,,_(* 4000000_),_(* 4000000_),,,,,,,,,,
,B,,Praktikum Komunitas,,,,,,24400000,0,,931000,,_(* 24400000_),_(* 23469000_),,,,,,,,,,
,521211,,Belanja Bahan,,,,,,6400000,0,,81000,,_(* 6400000_),_(* 6319000_),,,,,,,,,,
,,,(KPPN.182-Jakarta VII ),,,,,,,,,,,_(* 0_),_(* 0_),,,,,,,,,,
,,,  - ,Snack dan Konsumsi Peserta [25 ORG x 2 keg x 2 Rom],,100,OK,53000,5300000,,,,,_(* 5300000_),_(* 5300000_),,,,,,,,,,
,,,  - ,Dokumentasi Pelaporan [1 KEG x 2 LOK],,2,OK,250000,500000,,,,,_(* 500000_),_(* 500000_),,,,,,,,,,
,,,  - ,Spanduk [1 KEG x 2 LOK],,2,OK,300000,600000,,,81000,,_(* 600000_),_(* 519000_),,,,,,,,,,
,521213,,Belanja Honor Output Kegiatan,,,,,,2000000,0,,0,,_(* 2000000_),_(* 2000000_),,,,,,,,,,
,,,(KPPN.182-Jakarta VII ),,,,,,,,,,,_(* 0_),_(* 0_),,,,,,,,,,
,,,  - ,Honor Pemandu Praktikum [2 ORG x 2 KEG],,4,OK,500000,2000000,,,,,_(* 2000000_),_(* 2000000_),,,,,,,,,,
,522141,,Belanja Sewa,,,,,,16000000,0,,850000,,_(* 16000000_),_(* 15150000_),,,,,,,,,,
,,,(KPPN.182-Jakarta VII ),,,,,,,,,,,_(* 0_),_(* 0_),,,,,,,,,,
,,,  - ,Sewa Bus [1 UNIT x 2 keg x 2 ROm],,4,OK,4000000,16000000,,,850000,,_(* 16000000_),_(* 15150000_),,,,,,,,,,
,C,,Kegiatan Krida,,,,,,56050000,0,,0,,_(* 56050000_),_(* 56050000_),,,,,,,,,,
,521211,,Belanja Bahan,,,,,,38050000,0,,0,,_(* 38050000_),_(* 38050000_),,,,,,,,,,
,,,(KPPN.182-Jakarta VII ),,,,,,,,,,,_(* 0_),_(* 0_),,,,,,,,,,
,,,  - ,Konsumsi dan Snack Siswa [25 Org x 2 keg x 2 Rom],,100,OK,53000,5300000,,,,,_(* 5300000_),_(* 5300000_),,,,,,,,,,
,,,  - ,Sarana Pendukung Keagamaan [5 keg x 1 lo],,5,OK,500000,2500000,,,,,_(* 2500000_),_(* 2500000_),,,,,,,,,,
,,,  - ,Dokumentasi dan Pelaporan [1 KEG x 1 LOK],,1,KEG,250000,250000,,,,,_(* 250000_),_(* 250000_),,,,,,,,,,
,,,  - ,Media Pembelajaran [25 ORG x 2 KEG x 2 ROM],,100,OK,300000,30000000,,,,,_(* 30000000_),_(* 30000000_),,,,,,,,,,
,522141,,Belanja Sewa,,,,,,16000000,0,,0,,_(* 16000000_),_(* 16000000_),,,,,,,,,,
,,,(KPPN.182-Jakarta VII ),,,,,,,,,,,_(* 0_),_(* 0_),,,,,,,,,,
,,,  - ,Sewa Bus [1 unt x 2 keg x 2 Rom],,4,OK,4000000,16000000,,,,,_(* 16000000_),_(* 16000000_),,,,,,,,,,
,522151,,Belanja Jasa Profesi,,,,,,2000000,0,,0,,_(* 2000000_),_(* 2000000_),,,,,,,,,,
,,,(KPPN.182-Jakarta VII ),,,,,,,,,,,_(* 0_),_(* 0_),,,,,,,,,,
,,,  - ,Honor Instruktur [2 ORG x 2 keg x 1 LOK],,4,OK,500000,2000000,,,,,_(* 2000000_),_(* 2000000_),,,,,,,,,,
,D,,Karya Ilmiah dan Latihan Olah Bakat dan Minat,,,,,,220800000,0,,2039000,,_(* 220800000_),_(* 218761000_),,,,,,,,,,
,521211,,Belanja Bahan,,,,,,31800000,0,,84000,,_(* 31800000_),_(* 31716000_),,,,,,,,,,
,,,(KPPN.182-Jakarta VII ),,,,,,,,,,,_(* 0_),_(* 0_),,,,,,,,,,
,,,  - ,Snack dan Konsumsi Siswa [25 ORG x 4 KL x 3 hr x 2 Rom,,600,OK,53000,31800000,,,84000,,_(* 31800000_),_(* 31716000_),,,,,,,,,,
,521219,,Belanja Barang Non Operasional Lainnya,,,,,,115000000,0,,1335000,,_(* 115000000_),_(* 113665000_),,,,,,,,,,
,,,(KPPN.182-Jakarta VII ),,,,,,,,,,,_(* 0_),_(* 0_),,,,,,,,,,
,,,  - ,Pengembangan Kompetensi Siswa dan Kegiatan Sekolah,,1,PAKET,95000000,95000000,,,1335000,,_(* 95000000_),_(* 93665000_),,,,,,,,,,
,,,  - ,Biaya Masuk Lokasi Study [25 Org x 2 Bln x 2 Rom],,100,OK,200000,20000000,,,,,_(* 20000000_),_(* 20000000_),,,,,,,,,,
,521811,,Belanja Barang Persediaan Barang Konsumsi,,,,,,10000000,0,,120000,,_(* 10000000_),_(* 9880000_),,,,,,,,,,
,,,(KPPN.182-Jakarta VII ),,,,,,,,,,,_(* 0_),_(* 0_),,,,,,,,,,
,,,  - ,Media Ekstrakulikuler Lainnya [20 Pcs x 1 Pkt x 1 Lok],,20,OK,500000,10000000,,,120000,,_(* 10000000_),_(* 9880000_),,,,,,,,,,
,522141,,Belanja Sewa,,,,,,16000000,0,,0,,_(* 16000000_),_(* 16000000_),,,,,,,,,,
,,,(KPPN.182-Jakarta VII ),,,,,,,,,,,_(* 0_),_(* 0_),,,,,,,,,,
,,,  - ,Sewa Bus [1 unt x 2 keg x 2 Rom],,4,OK,4000000,16000000,,,,,_(* 16000000_),_(* 16000000_),,,,,,,,,,
,522151,,Belanja Jasa Profesi,,,,,,48000000,0,,500000,,_(* 48000000_),_(* 47500000_),,,,,,,,,,
,,,(KPPN.182-Jakarta VII ),,,,,,,,,,,_(* 0_),_(* 0_),,,,,,,,,,
,,,  - ,Honor Pembimbing Olahraga/Olah Minat [4 ORG x 2 KL x 12 BLN x 1 LOK,,96,OK,500000,48000000,,,500000,,_(* 48000000_),_(* 47500000_),,,,,,,,,,
,E,,Koordinasi dan Konsultasi Sekolah Rakyat,,,,,,151200000,0,,75726268,,_(* 151200000_),_(* 75473732_),,,,,,,,,,
,524111,,Belanja Perjalanan Dinas Biasa,,,,,,142700000,0,,75386268,,_(* 142700000_),_(* 67313732_),,,,,,,,,,
,,,(KPPN.182-Jakarta VII ),,,,,,,,,,,_(* 0_),_(* 0_),,,,,,,,,,
,,,  - ,transport petugas [5 Org x 2 KEG x 2 KL x 1 Lok,,20,OK,5000000,100000000,,,60486268,,_(* 100000000_),_(* 39513732_),,,,,,,,,,
,,,  - ,uang penginapan petugas [5 Org x 2 KEG x 3 HR x 1 Lok,,30,OK,850000,25500000,,,10200000,,_(* 25500000_),_(* 15300000_),,,,,,,,,,
,,,  - ,Uang Harian Petugas [5 Org x 2 KEG x 4 HR x 1 Lok,,40,OK,430000,17200000,,,4700000,,_(* 17200000_),_(* 12500000_),,,,,,,,,,
,524113,,Belanja Perjalanan Dinas Dalam Kota,,,,,,8500000,0,,340000,,_(* 8500000_),_(* 8160000_),,,,,,,,,,
,,,(KPPN.182-Jakarta VII ),,,,,,,,,,,_(* 0_),_(* 0_),,,,,,,,,,
,,,  - ,transport petugas [10 Org x 1 KEG x 5 KL x 1 Lok,,50,OK,170000,8500000,,,340000,,_(* 8500000_),_(* 8160000_),,,,,,,,,,
,F,,Permakanan dan Perawatan Siswa,,,,,,1434000000,86340000,,113213000,,_(* 1347660000_),_(* 1320787000_),,,,,,,,,,
,521112,,Belanja Pengadaan Bahan Makanan,,,,,,1320000000,86340000,,113183000,,_(* 1233660000_),_(* 1206817000_),,,,,,,,,,
,,,(KPPN.182-Jakarta VII ),,,,,,,,,,,_(* 0_),_(* 0_),,,,,,,,,,
,,,  - ,Makan Siswa [25 Org x 3 KL x 365 HR x 2 ROM,,54750,OH,15000,821250000,60435000,,79688000,,_(* 760815000_),_(* 741562000_),,,,,,,,,,
,,,  - ,Air Minum [25 BH x 12 BLN x 30 HR x 1 LOK,,9000,OH,25000,225000000,3600000,,3600000,,_(* 221400000_),_(* 221400000_),,,,,,,,,,
,,,  - ,Snack Siswa [25 Org x 2 KL x 365 HR x 2 ROM,,36500,OH,7500,273750000,22305000,,29895000,,_(* 251445000_),_(* 243855000_),,,,,,,,,,
,521219,,Belanja Barang Non Operasional Lainnya,,,,,,114000000,0,,30000,,_(* 114000000_),_(* 113970000_),,,,,,,,,,
,,,(KPPN.182-Jakarta VII ),,,,,,,,,,,_(* 0_),_(* 0_),,,,,,,,,,
,,,  - ,Kesehatan Siswa [15 Org x 12 Bln x 1 LOK],,180,OH,500000,90000000,,,,,_(* 90000000_),_(* 90000000_),,,,,,,,,,
,,,  - ,Perawatan Diri [25 Org x 12 Bln x 2 Rom],,600,OH,40000,24000000,,,30000,,_(* 24000000_),_(* 23970000_),,,,,,,,,,
,G,,Perlengkapan Operasional Sekolah,,,,,,41836000,0,,585200,,_(* 41836000_),_(* 41250800_),,,,,,,,,,
,521811,,Belanja Barang Persediaan Barang Konsumsi,,,,,,41836000,0,,585200,,_(* 41836000_),_(* 41250800_),,,,,,,,,,
,,,(KPPN.182-Jakarta VII ),,,,,,,,,,,_(* 0_),_(* 0_),,,,,,,,,,
,,,  - ,Obat obatan ringan [1 ls x 12 Bln x 1 lok],,12,SET,2500000,30000000,,,585200,,_(* 30000000_),_(* 29414800_),,,,,,,,,,
,,,  - ,Alat Kebersihan Asrama,,1,PKT,11836000,11836000,,,,,_(* 11836000_),_(* 11836000_),,,,,,,,,,
,H,,Kebutuhan Asrama,,,,,,6760000,0,,0,,_(* 6760000_),_(* 6760000_),,,,,,,,,,
,521252,,Belanja Peralatan dan Mesin - Ekstrakomptabel,,,,,,5600000,0,,0,,_(* 5600000_),_(* 5600000_),,,,,,,,,,
,,,(KPPN.182-Jakarta VII ),,,,,,,,,,,_(* 0_),_(* 0_),,,,,,,,,,
,,,  - ,Rak Sepatu [2 Set x 1 Smt x 1 Lok],,2,SET,350000,700000,,,,,_(* 700000_),_(* 700000_),,,,,,,,,,
,,,  - ,Setrika [2 Set x 1 Smt x 1 Lok],,2,SET,225000,450000,,,,,_(* 450000_),_(* 450000_),,,,,,,,,,
,,,  - ,Jemuran Pakaian (di dalam ruangan) [2 Set x 1 SMT x 1 Lok],,2,SET,450000,900000,,,,,_(* 900000_),_(* 900000_),,,,,,,,,,
,,,  - ,Jam Dinding [2 Set x 1 SMT x 1 Lok],,2,SET,250000,500000,,,,,_(* 500000_),_(* 500000_),,,,,,,,,,
,,,  - ,Tempat Sampah [2 Set x 1 Smt x 1 Lok],,2,SET,100000,200000,,,,,_(* 200000_),_(* 200000_),,,,,,,,,,
,,,  - ,Dispenser Air [2 Set x 1 SMT x 1 Lok],,2,SET,725000,1450000,,,,,_(* 1450000_),_(* 1450000_),,,,,,,,,,
,,,  - ,Jemuran Pakaian (di Luar ruangan) [2 Set x 1 Smt x 1 Lok],,2,SET,700000,1400000,,,,,_(* 1400000_),_(* 1400000_),,,,,,,,,,
,521811,,Belanja Barang Persediaan Barang Konsumsi,,,,,,1160000,0,,0,,_(* 1160000_),_(* 1160000_),,,,,,,,,,
,,,(KPPN.182-Jakarta VII ),,,,,,,,,,,_(* 0_),_(* 0_),,,,,,,,,,
,,,  - ,Gantungan Baju [10 Set x 1 Smt x 1 Lok],,10,SET,50000,500000,,,,,_(* 500000_),_(* 500000_),,,,,,,,,,
,,,  - ,Sapu dan Pengki [2 Set x 1 Smt x 1 Lok],,2,SET,100000,200000,,,,,_(* 200000_),_(* 200000_),,,,,,,,,,
,,,  - ,Kain Pel [2 Set x 1 Smt x 1 Lok],,2,SET,200000,400000,,,,,_(* 400000_),_(* 400000_),,,,,,,,,,
,,,  - ,Keset Lantai [2 Set x 1 Smt x 1 Lok],,2,SET,30000,60000,,,,,_(* 60000_),_(* 60000_),,,,,,,,,,
,I,,Pengasramaan Siswa,,,,,,410750000,0,,2449700,,_(* 410750000_),_(* 408300300_),,,,,,,,,,
,521811,,Belanja Barang Persediaan Barang Konsumsi,,,,,,410750000,0,,2449700,,_(* 410750000_),_(* 408300300_),,,,,,,,,,
,,,(KPPN.182-Jakarta VII ),,,,,,,,,,,_(* 0_),_(* 0_),,,,,,,,,,
,,,  - ,Bantal [25 Org x 2 BH x 2 rom],,100,SET,110000,11000000,,,,,_(* 11000000_),_(* 11000000_),,,,,,,,,,
,,,  - ,Guling [25 Org x 2 BH x 2 rom],,100,SET,120000,12000000,,,,,_(* 12000000_),_(* 12000000_),,,,,,,,,,
,,,  - ,Handuk [25 Org x 2 BH x 2 rom],,100,SET,150000,15000000,,,,,_(* 15000000_),_(* 15000000_),,,,,,,,,,
,,,  - ,Selimut [25 Org x 2 BH x 2 rom],,100,SET,100000,10000000,,,,,_(* 10000000_),_(* 10000000_),,,,,,,,,,
,,,  - ,Pengasramaan Siswa Lainnya [25 Org x 2 BH x 2 rom],,100,SET,350000,35000000,,,1933500,,_(* 35000000_),_(* 33066500_),,,,,,,,,,
,,,  - ,Peralatan Ibadah [25 Org x 1 SET x 2 rom],,50,SET,175000,8750000,,,,,_(* 8750000_),_(* 8750000_),,,,,,,,,,
,,,  - ,Pakaian Dalam [25 Org x 7 SET x 2 rom],,350,SET,150000,52500000,,,,,_(* 52500000_),_(* 52500000_),,,,,,,,,,
,,,  - ,Pakaian Santai/Seragam [25 Org x 7 SET x 2 rom],,350,SET,200000,70000000,,,,,_(* 70000000_),_(* 70000000_),,,,,,,,,,
,,,  - ,Keperluan Kebersihan Diri [25 Org x 1 SET x 2 rom x 12 BLN,,600,SET,250000,150000000,,,516200,,_(* 150000000_),_(* 149483800_),,,,,,,,,,
,,,  - ,Keperluan Wanita [15 Org x 1 SET x 2 rom x 12 BLN,,360,SET,100000,36000000,,,,,_(* 36000000_),_(* 36000000_),,,,,,,,,,
,,,  - ,Jilbab Santai [15 Org x 7 BH x 2 rom],,210,SET,50000,10500000,,,,,_(* 10500000_),_(* 10500000_),,,,,,,,,,
,J,,Pengasramaan Guru dan Tenaga Pendidik,,,,,,190740000,0,,0,,_(* 190740000_),_(* 190740000_),,,,,,,,,,
,521811,,Belanja Barang Persediaan Barang Konsumsi,,,,,,190740000,0,,0,,_(* 190740000_),_(* 190740000_),,,,,,,,,,
,,,(KPPN.182-Jakarta VII ),,,,,,,,,,,_(* 0_),_(* 0_),,,,,,,,,,
,,,  - ,Bantal [44 Org x 2 Bh x 1 lok],,88,Psg,110000,9680000,,,,,_(* 9680000_),_(* 9680000_),,,,,,,,,,
,,,  - ,Guling [44 Org x 2 Bh x 1 lok],,88,Psg,120000,10560000,,,,,_(* 10560000_),_(* 10560000_),,,,,,,,,,
,,,  - ,Seprei SIngle Katun [44 Org x 2 Bh x 1 lok],,88,Psg,350000,30800000,,,,,_(* 30800000_),_(* 30800000_),,,,,,,,,,
,,,  - ,Peralatan Ibadah [44 Org x 1 Set x 1 lok],,44,Psg,175000,7700000,,,,,_(* 7700000_),_(* 7700000_),,,,,,,,,,
,,,  - ,Perelengkapan Asrama Guru dan Tenaga Pendidik [44 Org x 1 Set x 1 lok x 12 bln,,528,Psg,250000,132000000,,,,,_(* 132000000_),_(* 132000000_),,,,,,,,,,
,K,,Peralatan Makan Siswa,,,,,,20020000,0,,0,,_(* 20020000_),_(* 20020000_),,,,,,,,,,
,521811,,Belanja Barang Persediaan Barang Konsumsi,,,,,,20020000,0,,0,,_(* 20020000_),_(* 20020000_),,,,,,,,,,
,,,(KPPN.182-Jakarta VII ),,,,,,,,,,,_(* 0_),_(* 0_),,,,,,,,,,
,,,  - ,Food Tray [25 Org x 3 Set x 2 rom],,150,SET,75000,11250000,,,,,_(* 11250000_),_(* 11250000_),,,,,,,,,,
,,,  - ,Termos [2 Bh x 1 Lok],,2,SET,360000,720000,,,,,_(* 720000_),_(* 720000_),,,,,,,,,,
,,,  - ,"Peralatan Makan (Piring, Sendok) [25 org x 1 SET x 2 rom]",,50,SET,93000,4650000,,,,,_(* 4650000_),_(* 4650000_),,,,,,,,,,
,,,  - ,Gelas [25 Bh x 1 SET x 2 rom],,50,SET,53000,2650000,,,,,_(* 2650000_),_(* 2650000_),,,,,,,,,,
,,,  - ,Sendok Garpu [25 org x 1 SET x 2 rom],,50,SET,15000,750000,,,,,_(* 750000_),_(* 750000_),,,,,,,,,,
,L,,Perlengkapan Sekolah,,,,,,145500000,0,,0,,_(* 145500000_),_(* 145500000_),,,,,,,,,,
,521811,,Belanja Barang Persediaan Barang Konsumsi,,,,,,145500000,0,,0,,_(* 145500000_),_(* 145500000_),,,,,,,,,,
,,,(KPPN.182-Jakarta VII ),,,,,,,,,,,_(* 0_),_(* 0_),,,,,,,,,,
,,,  - ,Buku Paket Siswa (buku pelajaran) [25 Org x 1 thn x 1 Set x 2 rom,,50,SET,2000000,100000000,,,,,_(* 100000000_),_(* 100000000_),,,,,,,,,,
,,,  - ,"Peralatan Sekolah (atk, buku tulis) [25 Org x 1 Thn x 1 Set x 2 Rom",,50,SET,750000,37500000,,,,,_(* 37500000_),_(* 37500000_),,,,,,,,,,
,,,  - ,Buku saku guru dan tendik (buku penunjang sekolah rakyat) [4 PKT x 1 Lok],,4,SET,2000000,8000000,,,,,_(* 8000000_),_(* 8000000_),,,,,,,,,,
,M,,Dukungan Penyelenggaraan Operasional Sekolah Rakyat,,,,,,219800000,0,,3640000,,_(* 219800000_),_(* 216160000_),,,,,,,,,,
,524111,,Belanja Perjalanan Dinas Biasa,,,,,,195800000,0,,0,,_(* 195800000_),_(* 195800000_),,,,,,,,,,
,,,(KPPN.182-Jakarta VII ),,,,,,,,,,,_(* 0_),_(* 0_),,,,,,,,,,
,,,  - ,Uang Harian Petugas [5 Org x 5 KEG x 3 KL x 1 Lok,,75,OK,430000,32250000,,,,,_(* 32250000_),_(* 32250000_),,,,,,,,,,
,,,  - ,Uang Penginapan Petugas [5 Org x 5 KEG x 2 HR x 1 Lok,,50,OK,783500,39175000,,,,,_(* 39175000_),_(* 39175000_),,,,,,,,,,
,,,  - ,Transport Petugas [5 Org x 5 KEG x 1 Kl x 1 Lok,,25,OK,875000,21875000,,,,,_(* 21875000_),_(* 21875000_),,,,,,,,,,
,,,  - ,Biaya Penginapan Siswa [25 Org x 1 KEG x 2 Kl x 2 Lok,,100,OK,500000,50000000,,,,,_(* 50000000_),_(* 50000000_),,,,,,,,,,
,,,  - ,Transport Pemulangan Libur Jeda Semester dsn Hari Besar Keagamaan [25 Org x 1 KEG x 3 Kl x 2 Lok,,150,OK,350000,52500000,,,,,_(* 52500000_),_(* 52500000_),,,,,,,,,,
,524113,,Belanja Perjalanan Dinas Dalam Kota,,,,,,24000000,0,,3640000,,_(* 24000000_),_(* 20360000_),,,,,,,,,,
,,,(KPPN.182-Jakarta VII ),,,,,,,,,,,_(* 0_),_(* 0_),,,,,,,,,,
,,,  - ,Transport Peserta [20 Org x 4 KEG x 2 KL x 1 Lok,,160,OK,150000,24000000,,,3640000,,_(* 24000000_),_(* 20360000_),,,,,,,,,,
,305,,,Sekolah Rakyat Terintegrasi 5 Ponorogo,,,,,2060121000,120244000,,135116311,,_(* 1939877000_),_(* 1925004689_),,,,,,,,,,
,,,,Kegiatan Belajar Mengajar,,,,,90140000,0,,18284415,,_(* 90140000_),_(* 71855585_),,,,,,,,,,
,,,,Belanja Bahan,,,,,82140000,0,,17784415,,_(* 82140000_),_(* 64355585_),,,,,,,,,,
,,,,(KPPN.182-Jakarta VII ),,,,,,,,,,_(* 0_),_(* 0_),,,,,,,,,,
,,,,ATK Kelas [1 PKT x 12 BLN x 1 ROM],,12,OK,500000,6000000,,,4975010,,_(* 6000000_),_(* 1024990_),,,,,,,,,,
,,,,Buku Pegangan Guru [1 PKT x 2 SMT x 1 LOK],,2,OK,2000000,4000000,,,,,_(* 4000000_),_(* 4000000_),,,,,,,,,,
,,,,Buku Penunjang Kegiatan Belajar Mengajar [5 PKT x 2 SMT x 1 LOK],,10,OK,500000,5000000,,,,,_(* 5000000_),_(* 5000000_),,,,,,,,,,
,,,,Penggandaan Soal [25 ORG x 4 KEG x 1 ROM],,100,OK,25000,2500000,,,144400,,_(* 2500000_),_(* 2355600_),,,,,,,,,,
,,,,Konsumsi Rapat eksternal [40 ORG x 4 KEG x 2 HR x 1 LOK,,320,OK,53000,16960000,,,,,_(* 16960000_),_(* 16960000_),,,,,,,,,,
,,,,Snack Rapat eksternal [40 ORG x 4 KEG x 2 HR x 1 LOK,,320,OK,24000,7680000,,,,,_(* 7680000_),_(* 7680000_),,,,,,,,,,
,,,,Media Pembelajaran dan Laporan perkembangan siswa [25 ORG x 2 PKT x 1 ROM],,50,OK,800000,40000000,,,12665005,,_(* 40000000_),_(* 27334995_),,,,,,,,,,
,,,,Belanja Jasa Profesi,,,,,8000000,0,,500000,,_(* 8000000_),_(* 7500000_),,,,,,,,,,
,,,,(KPPN.182-Jakarta VII ),,,,,,,,,,_(* 0_),_(* 0_),,,,,,,,,,
,,,,Honor Instruktur [4 ORG x 2 Jam x 1 ROM],,8,OK,500000,4000000,,,,,_(* 4000000_),_(* 4000000_),,,,,,,,,,
,,,,Honor Narasumber [4 ORG x 2 Jam],,8,OK,500000,4000000,,,500000,,_(* 4000000_),_(* 3500000_),,,,,,,,,,
,,,,Praktikum Komunitas,,,,,13750000,0,,4443375,,_(* 13750000_),_(* 9306625_),,,,,,,,,,
,,,,Belanja Bahan,,,,,3750000,0,,1190000,,_(* 3750000_),_(* 2560000_),,,,,,,,,,
,,,,(KPPN.182-Jakarta VII ),,,,,,,,,,_(* 0_),_(* 0_),,,,,,,,,,
,,,,Snack dan Konsumsi Peserta [25 ORG x 2 keg x 1 Rom],,50,OK,53000,2650000,,,1190000,,_(* 2650000_),_(* 1460000_),,,,,,,,,,
,,,,Dokumentasi Pelaporan [1 KEG x 2 LOK],,2,OK,250000,500000,,,,,_(* 500000_),_(* 500000_),,,,,,,,,,
,,,,Spanduk [1 KEG x 2 LOK],,2,OK,300000,600000,,,,,_(* 600000_),_(* 600000_),,,,,,,,,,
,,,,Belanja Honor Output Kegiatan,,,,,2000000,0,,0,,_(* 2000000_),_(* 2000000_),,,,,,,,,,
,,,,(KPPN.182-Jakarta VII ),,,,,,,,,,_(* 0_),_(* 0_),,,,,,,,,,
,,,,Honor Pemandu Praktikum [2 ORG x 2 KEG],,4,OK,500000,2000000,,,,,_(* 2000000_),_(* 2000000_),,,,,,,,,,
,,,,Belanja Sewa,,,,,8000000,0,,3253375,,_(* 8000000_),_(* 4746625_),,,,,,,,,,
,,,,(KPPN.182-Jakarta VII ),,,,,,,,,,_(* 0_),_(* 0_),,,,,,,,,,
,,,,Sewa Bus [1 UNIT x 2 keg x 1 ROm],,2,OK,4000000,8000000,,,3253375,,_(* 8000000_),_(* 4746625_),,,,,,,,,,
,,,,Kegiatan Krida,,,,,30400000,0,,4913375,,_(* 30400000_),_(* 25486625_),,,,,,,,,,
,,,,Belanja Bahan,,,,,20400000,0,,1660000,,_(* 20400000_),_(* 18740000_),,,,,,,,,,
,,,,(KPPN.182-Jakarta VII ),,,,,,,,,,_(* 0_),_(* 0_),,,,,,,,,,
,,,,Konsumsi dan Snack Siswa [25 Org x 2 keg x 1 Rom],,50,OK,53000,2650000,,,,,_(* 2650000_),_(* 2650000_),,,,,,,,,,
,,,,Sarana Pendukung Keagamaan [5 keg x 1 lo],,5,OK,500000,2500000,,,,,_(* 2500000_),_(* 2500000_),,,,,,,,,,
,,,,Dokumentasi dan Pelaporan [1 KEG x 1 LOK],,1,KEG,250000,250000,,,,,_(* 250000_),_(* 250000_),,,,,,,,,,
,,,,Media Pembelajaran [25 ORG x 2 KEG x 1 ROM],,50,OK,300000,15000000,,,1660000,,_(* 15000000_),_(* 13340000_),,,,,,,,,,
,,,,Belanja Sewa,,,,,8000000,0,,3253375,,_(* 8000000_),_(* 4746625_),,,,,,,,,,
,,,,(KPPN.182-Jakarta VII ),,,,,,,,,,_(* 0_),_(* 0_),,,,,,,,,,
,,,,Sewa Bus [1 unt x 2 keg x 1 Rom],,2,OK,4000000,8000000,,,3253375,,_(* 8000000_),_(* 4746625_),,,,,,,,,,
,,,,Belanja Jasa Profesi,,,,,2000000,0,,0,,_(* 2000000_),_(* 2000000_),,,,,,,,,,
,,,,(KPPN.182-Jakarta VII ),,,,,,,,,,_(* 0_),_(* 0_),,,,,,,,,,
,,,,Honor Instruktur [2 ORG x 2 keg x 1 LOK],,4,OK,500000,2000000,,,,,_(* 2000000_),_(* 2000000_),,,,,,,,,,
,,,,Karya Ilmiah dan Latihan Olah Bakat dan Minat,,,,,186900000,0,,6475000,,_(* 186900000_),_(* 180425000_),,,,,,,,,,
,,,,Belanja Bahan,,,,,15900000,0,,0,,_(* 15900000_),_(* 15900000_),,,,,,,,,,
,,,,(KPPN.182-Jakarta VII ),,,,,,,,,,_(* 0_),_(* 0_),,,,,,,,,,
,,,,Snack dan Konsumsi Siswa [25 ORG x 4 KL x 3 hr x 1 Rom,,300,OK,53000,15900000,,,,,_(* 15900000_),_(* 15900000_),,,,,,,,,,
,,,,Belanja Barang Non Operasional Lainnya,,,,,105000000,0,,28085000,,_(* 105000000_),_(* 76915000_),,,,,,,,,,
,,,,(KPPN.182-Jakarta VII ),,,,,,,,,,_(* 0_),_(* 0_),,,,,,,,,,
,,,,Pengembangan Kompetensi Siswa dan Kegiatan Sekolah,,1,PAKET,95000000,95000000,,,21255000,,_(* 95000000_),_(* 73745000_),,,,,,,,,,
,,,,Biaya Masuk Lokasi Study [25 Org x 2 Bln x 1 Rom],,50,OK,200000,10000000,,,6830000,,_(* 10000000_),_(* 3170000_),,,,,,,,,,
,,,,Belanja Barang Persediaan Barang Konsumsi,,,,,10000000,0,,0,,_(* 10000000_),_(* 10000000_),,,,,,,,,,
,,,,(KPPN.182-Jakarta VII ),,,,,,,,,,_(* 0_),_(* 0_),,,,,,,,,,
,,,,Media Ekstrakulikuler Lainnya [20 Pcs x 1 Pkt x 1 Lok],,20,OK,500000,10000000,,,,,_(* 10000000_),_(* 10000000_),,,,,,,,,,
,,,,Belanja Sewa,,,,,8000000,0,,0,,_(* 8000000_),_(* 8000000_),,,,,,,,,,
,,,,(KPPN.182-Jakarta VII ),,,,,,,,,,_(* 0_),_(* 0_),,,,,,,,,,
,,,,Sewa Bus [1 unt x 2 keg x 1 Rom],,2,OK,4000000,8000000,,,,,_(* 8000000_),_(* 8000000_),,,,,,,,,,
,,,,Belanja Jasa Profesi,,,,,48000000,0,,39600000,,_(* 48000000_),_(* 8400000_),,,,,,,,,,
,,,,(KPPN.182-Jakarta VII ),,,,,,,,,,_(* 0_),_(* 0_),,,,,,,,,,
,,,,Honor Pembimbing Olahraga/Olah Minat [4 ORG x 2 KL x 12 BLN x 1 LOK,,96,OK,500000,48000000,,,39600000,,_(* 48000000_),_(* 8400000_),,,,,,,,,,
,,,,Koordinasi dan Konsultasi Sekolah Rakyat,,,,,151200000,72784000,,0,,_(* 78416000_),_(* 151200000_),,,,,,,,,,
,,,,Belanja Perjalanan Dinas Biasa,,,,,142700000,72784000,,0,,_(* 69916000_),_(* 142700000_),,,,,,,,,,
,,,,(KPPN.182-Jakarta VII ),,,,,,,,,,_(* 0_),_(* 0_),,,,,,,,,,
,,,,transport petugas [5 Org x 2 KEG x 2 KL x 1 Lok,,20,OK,5000000,100000000,46630000,,,,_(* 53370000_),_(* 100000000_),,,,,,,,,,
,,,,uang penginapan petugas [5 Org x 2 KEG x 3 HR x 1 Lok,,30,OK,850000,25500000,14600000,,,,_(* 10900000_),_(* 25500000_),,,,,,,,,,
,,,,Uang Harian Petugas [5 Org x 2 KEG x 4 HR x 1 Lok,,40,OK,430000,17200000,11554000,,,,_(* 5646000_),_(* 17200000_),,,,,,,,,,
,,,,Belanja Perjalanan Dinas Dalam Kota,,,,,8500000,0,,0,,_(* 8500000_),_(* 8500000_),,,,,,,,,,
,,,,(KPPN.182-Jakarta VII ),,,,,,,,,,_(* 0_),_(* 0_),,,,,,,,,,
,,,,transport petugas [10 Org x 1 KEG x 5 KL x 1 Lok,,50,OK,170000,8500000,,,,,_(* 8500000_),_(* 8500000_),,,,,,,,,,
,,,,Permakanan dan Perawatan Siswa,,,,,874500000,47460000,,67277500,,_(* 827040000_),_(* 807222500_),,,,,,,,,,
,,,,Belanja Pengadaan Bahan Makanan,,,,,772500000,47460000,,67177500,,_(* 725040000_),_(* 705322500_),,,,,,,,,,
,,,,(KPPN.182-Jakarta VII ),,,,,,,,,,_(* 0_),_(* 0_),,,,,,,,,,
,,,,Makan Siswa [25 Org x 3 KL x 365 HR x 1 ROM,,27375,OH,15000,410625000,35670000,,45165000,,_(* 374955000_),_(* 365460000_),,,,,,,,,,
,,,,Air Minum [25 BH x 12 BLN x 30 HR x 1 LOK,,9000,OH,25000,225000000,,,7200000,,_(* 225000000_),_(* 217800000_),,,,,,,,,,
,,,,Snack Siswa [25 Org x 2 KL x 365 HR x 1 ROM,,18250,OH,7500,136875000,11790000,,14812500,,_(* 125085000_),_(* 122062500_),,,,,,,,,,
,,,,Belanja Barang Non Operasional Lainnya,,,,,102000000,0,,100000,,_(* 102000000_),_(* 101900000_),,,,,,,,,,
,,,,(KPPN.182-Jakarta VII ),,,,,,,,,,_(* 0_),_(* 0_),,,,,,,,,,
,,,,Kesehatan Siswa [15 Org x 12 Bln x 1 LOK],,180,OH,500000,90000000,,,10000,,_(* 90000000_),_(* 89990000_),,,,,,,,,,
,,,,Perawatan Diri [25 Org x 12 Bln x 1 Rom],,300,OH,40000,12000000,,,90000,,_(* 12000000_),_(* 11910000_),,,,,,,,,,
,,,,Perlengkapan Operasional Sekolah,,,,,40936000,0,,0,,_(* 40936000_),_(* 40936000_),,,,,,,,,,
,,,,Belanja Barang Persediaan Barang Konsumsi,,,,,40936000,0,,0,,_(* 40936000_),_(* 40936000_),,,,,,,,,,
,,,,(KPPN.182-Jakarta VII ),,,,,,,,,,_(* 0_),_(* 0_),,,,,,,,,,
,,,,Obat obatan ringan [1 ls x 12 Bln x 1 lok],,12,SET,2500000,30000000,,,,,_(* 30000000_),_(* 30000000_),,,,,,,,,,
,,,,Alat Kebersihan Asrama,,1,PKT,10936000,10936000,,,,,_(* 10936000_),_(* 10936000_),,,,,,,,,,
,,,,Kebutuhan Asrama,,,,,6760000,0,,0,,_(* 6760000_),_(* 6760000_),,,,,,,,,,
,,,,Belanja Peralatan dan Mesin - Ekstrakomptabel,,,,,5600000,0,,0,,_(* 5600000_),_(* 5600000_),,,,,,,,,,
,,,,(KPPN.182-Jakarta VII ),,,,,,,,,,_(* 0_),_(* 0_),,,,,,,,,,
,,,,Rak Sepatu [2 Set x 1 Smt x 1 Lok],,2,SET,350000,700000,,,,,_(* 700000_),_(* 700000_),,,,,,,,,,
,,,,Setrika [2 Set x 1 Smt x 1 Lok],,2,SET,225000,450000,,,,,_(* 450000_),_(* 450000_),,,,,,,,,,
,,,,Jemuran Pakaian (di dalam ruangan) [2 Set x 1 SMT x 1 Lok],,2,SET,450000,900000,,,,,_(* 900000_),_(* 900000_),,,,,,,,,,
,,,,Jam Dinding [2 Set x 1 SMT x 1 Lok],,2,SET,250000,500000,,,,,_(* 500000_),_(* 500000_),,,,,,,,,,
,,,,Tempat Sampah [2 Set x 1 Smt x 1 Lok],,2,SET,100000,200000,,,,,_(* 200000_),_(* 200000_),,,,,,,,,,
,,,,Dispenser Air [2 Set x 1 SMT x 1 Lok],,2,SET,725000,1450000,,,,,_(* 1450000_),_(* 1450000_),,,,,,,,,,
,,,,Jemuran Pakaian (di Luar ruangan) [2 Set x 1 Smt x 1 Lok],,2,SET,700000,1400000,,,,,_(* 1400000_),_(* 1400000_),,,,,,,,,,
,,,,Belanja Barang Persediaan Barang Konsumsi,,,,,1160000,0,,0,,_(* 1160000_),_(* 1160000_),,,,,,,,,,
,,,,(KPPN.182-Jakarta VII ),,,,,,,,,,_(* 0_),_(* 0_),,,,,,,,,,
,,,,Gantungan Baju [10 Set x 1 Smt x 1 Lok],,10,SET,50000,500000,,,,,_(* 500000_),_(* 500000_),,,,,,,,,,
,,,,Sapu dan Pengki [2 Set x 1 Smt x 1 Lok],,2,SET,100000,200000,,,,,_(* 200000_),_(* 200000_),,,,,,,,,,
,,,,Kain Pel [2 Set x 1 Smt x 1 Lok],,2,SET,200000,400000,,,,,_(* 400000_),_(* 400000_),,,,,,,,,,
,,,,Keset Lantai [2 Set x 1 Smt x 1 Lok],,2,SET,30000,60000,,,,,_(* 60000_),_(* 60000_),,,,,,,,,,
,,,,Pengasramaan Siswa,,,,,205375000,0,,3100646,,_(* 205375000_),_(* 202274354_),,,,,,,,,,
,,,,Belanja Barang Persediaan Barang Konsumsi,,,,,205375000,0,,3100646,,_(* 205375000_),_(* 202274354_),,,,,,,,,,
,,,,(KPPN.182-Jakarta VII ),,,,,,,,,,_(* 0_),_(* 0_),,,,,,,,,,
,,,,Bantal [25 Org x 2 BH x 1 rom],,50,SET,110000,5500000,,,,,_(* 5500000_),_(* 5500000_),,,,,,,,,,
,,,,Guling [25 Org x 2 BH x 1 rom],,50,SET,120000,6000000,,,,,_(* 6000000_),_(* 6000000_),,,,,,,,,,
,,,,Handuk [25 Org x 2 BH x 1 rom],,50,SET,150000,7500000,,,,,_(* 7500000_),_(* 7500000_),,,,,,,,,,
,,,,Selimut [25 Org x 2 BH x 1 rom],,50,SET,100000,5000000,,,,,_(* 5000000_),_(* 5000000_),,,,,,,,,,
,,,,Pengasramaan Siswa Lainnya [25 Org x 2 BH x 1 rom],,50,SET,350000,17500000,,,,,_(* 17500000_),_(* 17500000_),,,,,,,,,,
,,,,Peralatan Ibadah [25 Org x 1 SET x 1 rom],,25,SET,175000,4375000,,,,,_(* 4375000_),_(* 4375000_),,,,,,,,,,
,,,,Pakaian Dalam [25 Org x 7 SET x 1 rom],,175,SET,150000,26250000,,,,,_(* 26250000_),_(* 26250000_),,,,,,,,,,
,,,,Pakaian Santai/Seragam [25 Org x 7 SET x 1 rom],,175,SET,200000,35000000,,,,,_(* 35000000_),_(* 35000000_),,,,,,,,,,
,,,,Keperluan Kebersihan Diri [25 Org x 1 SET x 1 rom x 12 BLN,,300,SET,250000,75000000,,,3100646,,_(* 75000000_),_(* 71899354_),,,,,,,,,,
,,,,Keperluan Wanita [15 Org x 1 SET x 1 rom x 12 BLN,,180,SET,100000,18000000,,,,,_(* 18000000_),_(* 18000000_),,,,,,,,,,
,,,,Jilbab Santai [15 Org x 7 BH x 1 rom],,105,SET,50000,5250000,,,,,_(* 5250000_),_(* 5250000_),,,,,,,,,,
,,,,Pengasramaan Guru dan Tenaga Pendidik,,,,,190740000,0,,0,,_(* 190740000_),_(* 190740000_),,,,,,,,,,
,,,,Belanja Barang Persediaan Barang Konsumsi,,,,,190740000,0,,0,,_(* 190740000_),_(* 190740000_),,,,,,,,,,
,,,,(KPPN.182-Jakarta VII ),,,,,,,,,,_(* 0_),_(* 0_),,,,,,,,,,
,,,,Bantal [44 Org x 2 Bh x 1 lok],,88,Psg,110000,9680000,,,,,_(* 9680000_),_(* 9680000_),,,,,,,,,,
,,,,Guling [44 Org x 2 Bh x 1 lok],,88,Psg,120000,10560000,,,,,_(* 10560000_),_(* 10560000_),,,,,,,,,,
,,,,Seprei SIngle Katun [44 Org x 2 Bh x 1 lok],,88,Psg,350000,30800000,,,,,_(* 30800000_),_(* 30800000_),,,,,,,,,,
,,,,Peralatan Ibadah [44 Org x 1 Set x 1 lok],,44,Psg,175000,7700000,,,,,_(* 7700000_),_(* 7700000_),,,,,,,,,,
,,,,Perlengkapan Asrama Guru dan Tenaga Pendidik [44 Org x 1 Set x 1 lok x 12 bln,,528,Psg,250000,132000000,,,,,_(* 132000000_),_(* 132000000_),,,,,,,,,,
,,,,Peralatan Makan Siswa,,,,,10370000,0,,0,,_(* 10370000_),_(* 10370000_),,,,,,,,,,
,,,,Belanja Barang Persediaan Barang Konsumsi,,,,,10370000,0,,0,,_(* 10370000_),_(* 10370000_),,,,,,,,,,
,,,,(KPPN.182-Jakarta VII ),,,,,,,,,,_(* 0_),_(* 0_),,,,,,,,,,
,,,,Food Tray [25 Org x 3 Set x 1 rom],,75,SET,75000,5625000,,,,,_(* 5625000_),_(* 5625000_),,,,,,,,,,
,,,,Termos [2 Bh x 1 Lok],,2,SET,360000,720000,,,,,_(* 720000_),_(* 720000_),,,,,,,,,,
,,,,"Peralatan Makan (Piring, Sendok) [25 org x 1 SET x 1 rom]",,25,SET,93000,2325000,,,,,_(* 2325000_),_(* 2325000_),,,,,,,,,,
,,,,Gelas [25 Bh x 1 SET x 1 rom],,25,SET,53000,1325000,,,,,_(* 1325000_),_(* 1325000_),,,,,,,,,,
,,,,Sendok Garpu [25 org x 1 SET x 1 rom],,25,SET,15000,375000,,,,,_(* 375000_),_(* 375000_),,,,,,,,,,
,,,,Perlengkapan Sekolah,,,,,76750000,0,,0,,_(* 76750000_),_(* 76750000_),,,,,,,,,,
,,,,Belanja Barang Persediaan Barang Konsumsi,,,,,76750000,0,,0,,_(* 76750000_),_(* 76750000_),,,,,,,,,,
,,,,(KPPN.182-Jakarta VII ),,,,,,,,,,_(* 0_),_(* 0_),,,,,,,,,,
,,,,Buku Paket Siswa (buku pelajaran) [25 Org x 1 thn x 1 Set x 1 rom,,25,SET,2000000,50000000,,,,,_(* 50000000_),_(* 50000000_),,,,,,,,,,
,,,,"Peralatan Sekolah (atk, buku tulis) [25 Org x 1 Thn x 1 Set x 1 Rom",,25,SET,750000,18750000,,,,,_(* 18750000_),_(* 18750000_),,,,,,,,,,
,,,,Buku saku guru dan tendik (buku penunjang sekolah rakyat) [4 PKT x 1 Lok],,4,SET,2000000,8000000,,,,,_(* 8000000_),_(* 8000000_),,,,,,,,,,
,,,,Dukungan Penyelenggaraan Operasional Sekolah Rakyat,,,,,182300000,0,,30622000,,_(* 182300000_),_(* 151678000_),,,,,,,,,,
,,,,Belanja Perjalanan Dinas Biasa,,,,,158300000,0,,27922000,,_(* 158300000_),_(* 130378000_),,,,,,,,,,
,,,,(KPPN.182-Jakarta VII ),,,,,,,,,,_(* 0_),_(* 0_),,,,,,,,,,
,,,,Uang Harian Petugas [5 Org x 5 KEG x 3 KL x 1 Lok,,75,OK,430000,32250000,,,15580000,,_(* 32250000_),_(* 16670000_),,,,,,,,,,
,,,,Uang Penginapan Petugas [5 Org x 5 KEG x 2 HR x 1 Lok,,50,OK,891000,44550000,,,,,_(* 44550000_),_(* 44550000_),,,,,,,,,,
,,,,Transport Petugas [5 Org x 5 KEG x 1 Kl x 1 Lok,,25,OK,910000,22750000,,,,,_(* 22750000_),_(* 22750000_),,,,,,,,,,
,,,,Biaya Penginapan Siswa [25 Org x 1 KEG x 2 Kl x 1 Lok,,50,OK,500000,25000000,,,12342000,,_(* 25000000_),_(* 12658000_),,,,,,,,,,
,,,,Transport Pemulangan Libur Jeda Semester dsn Hari Besar Keagamaan [25 Org x 1 KEG x 3 Kl x 1 Lok,,75,OK,450000,33750000,,,,,_(* 33750000_),_(* 33750000_),,,,,,,,,,
,,,,Belanja Perjalanan Dinas Dalam Kota,,,,,24000000,0,,2700000,,_(* 24000000_),_(* 21300000_),,,,,,,,,,
,,,,(KPPN.182-Jakarta VII ),,,,,,,,,,_(* 0_),_(* 0_),,,,,,,,,,
,,,,Transport Peserta [20 Org x 4 KEG x 2 KL x 1 Lok,,160,OK,150000,24000000,,,2700000,,_(* 24000000_),_(* 21300000_),,,,,,,,,,
